,Site_Id,Read_Date,Salinity (ppt),Dissolved Oxygen (mg/L),pH (standard units),Secchi Depth (m),Water Depth (m),Water Temp (?C),Air Temp (?F),Time (24:00),AirTemp (C),Year
57,Bay,1990-01-22,1.0,9.7,7.5,0.15,0.65,10.0,53.6,14:24,12.0,1990
59,Bay,1990-02-07,3.4,10.8,7.5,0.2,0.6,10.0,50.0,0:00,10.0,1990
60,Bay,1990-02-12,3.2,10.6,7.0,0.2,0.7,10.0,48.2,4:48,9.0,1990
61,Bay,1990-02-20,4.2,11.6,7.5,0.15,0.39,5.0,41.0,0:00,5.0,1990
62,Bay,1990-02-27,2.8,13.8,7.0,0.5,1.5,2.5,33.8,19:12,1.0,1990
63,Bay,1990-03-05,2.9,11.6,7.0,0.2,0.4,7.0,47.3,7:12,8.5,1990
64,Bay,1990-03-12,2.9,9.0,7.0,0.15,0.69,17.0,69.8,19:12,21.0,1990
65,Bay,1990-03-19,2.8,7.8,7.0,0.22,0.92,15.0,57.2,4:48,14.0,1990
66,Bay,1990-03-26,3.0,10.8,7.0,0.25,0.4,9.5,48.2,4:48,9.0,1990
67,Bay,1990-04-02,1.8,9.6,8.0,0.15,0.7,5.0,59.0,0:00,15.0,1990
68,Bay,1990-04-09,4.1,10.8,7.0,0.25,0.78,11.0,53.6,14:24,12.0,1990
69,Bay,1990-04-16,2.5,9.7,7.0,0.25,0.72,15.0,57.2,4:48,14.0,1990
70,Bay,1990-04-23,2.8,10.7,7.0,0.25,0.59,15.0,59.0,0:00,15.0,1990
71,Bay,1990-04-30,3.2,10.0,7.0,0.88,1.3,18.0,60.8,19:12,16.0,1990
72,Bay,1990-05-07,4.5,8.9,7.0,0.25,0.75,17.0,64.4,9:36,18.0,1990
73,Bay,1990-05-14,3.7,8.4,7.0,0.32,1.0,20.0,66.2,4:48,19.0,1990
75,Bay,1990-05-29,2.1,8.9,7.0,0.375,0.95,19.0,68.0,0:00,20.0,1990
76,Bay,1990-06-04,3.5,6.9,7.0,0.4,1.22,24.0,77.0,0:00,25.0,1990
77,Bay,1990-06-11,3.2,7.9,7.0,0.35,0.75,24.0,71.6,14:24,22.0,1990
78,Bay,1990-06-16,3.2,7.7,7.0,0.32,0.62,23.5,68.0,0:00,20.0,1990
79,Bay,1990-06-24,3.8,7.9,7.0,0.35,0.91,26.0,78.8,19:12,26.0,1990
80,Bay,1990-07-02,3.7,7.8,7.0,0.35,0.78,24.0,74.3,7:12,23.5,1990
81,Bay,1990-07-09,4.2,7.5,7.5,0.3,0.82,26.0,79.7,16:48,26.5,1990
83,Bay,1990-07-26,4.2,6.9,7.75,0.375,0.48,27.0,78.8,19:12,26.0,1990
84,Bay,1990-08-06,4.2,7.7,8.0,0.4,0.98,26.0,78.8,19:12,26.0,1990
85,Bay,1990-08-13,4.2,7.8,8.0,0.35,0.82,27.0,80.6,14:24,27.0,1990
86,Bay,1990-08-27,4.2,8.9,8.0,0.35,0.94,27.0,83.3,7:12,28.5,1990
87,Bay,1990-09-04,2.9,8.1,8.0,0.25,0.68,23.0,75.2,4:48,24.0,1990
88,Bay,1990-09-17,2.4,8.8,8.0,0.25,0.78,21.0,64.4,9:36,18.0,1990
89,Bay,1990-10-15,3.5,8.2,8.0,0.3,0.93,23.0,71.6,14:24,22.0,1990
90,Bay,1990-10-29,0.7,12.5,8.0,0.1,0.38,9.0,50.0,0:00,10.0,1990
91,Bay,1990-12-17,0.5,11.05,7.5,0.25,0.6,8.0,46.4,9:36,8.0,1990
95,Bay,1991-01-03,0.5,11.9,7.5,0.25,0.78,9.0,51.8,19:12,11.0,1991
92,Bay,1991-01-07,0.7,11.8,8.0,0.2,0.39,9.0,46.4,9:36,8.0,1991
93,Bay,1991-01-14,0.4,12.2,8.0,0.2,0.65,4.5,39.2,4:48,4.0,1991
94,Bay,1991-01-24,0.5,13.2,7.5,0.2,0.65,4.5,40.1,2:24,4.5,1991
97,Bay,1991-02-11,0.7,11.1,7.5,0.3,0.41,7.5,46.4,9:36,8.0,1991
98,Bay,1991-02-21,1.2,10.8,7.5,0.2,0.72,12.0,50.9,21:36,10.5,1991
99,Bay,1991-02-25,0.7,11.8,7.5,0.2,0.28,8.0,46.4,9:36,8.0,1991
100,Bay,1991-03-04,1.2,10.0,7.5,0.2,1.6,15.0,60.8,19:12,16.0,1991
101,Bay,1991-03-11,0.4,12.9,7.5,0.15,0.35,6.0,39.2,4:48,4.0,1991
103,Bay,1991-03-25,0.0,9.8,8.0,0.275,0.94,14.0,55.4,9:36,13.0,1991
104,Bay,1991-04-04,1.2,10.7,8.0,0.32,0.78,13.0,57.2,4:48,14.0,1991
105,Bay,1991-04-08,2.1,8.7,8.0,0.32,0.83,19.0,69.8,19:12,21.0,1991
106,Bay,1991-04-15,1.2,8.9,7.5,0.32,0.52,14.0,59.9,21:36,15.5,1991
107,Bay,1991-04-22,0.9,9.75,7.5,0.2,0.55,12.5,55.4,9:36,13.0,1991
108,Bay,1991-04-29,2.4,8.3,7.5,0.35,0.8,20.5,64.4,9:36,18.0,1991
109,Bay,1991-05-06,2.6,8.0,7.5,0.35,0.95,21.0,74.3,7:12,23.5,1991
110,Bay,1991-05-20,1.3,9.5,7.5,0.3,0.5,15.5,59.0,0:00,15.0,1991
111,Bay,1991-06-10,3.0,6.9,7.5,0.3,0.7,23.0,78.8,19:12,26.0,1991
112,Bay,1991-06-17,3.8,6.8,7.5,0.325,1.09,26.0,80.6,14:24,27.0,1991
113,Bay,1991-06-26,2.8,8.1,7.5,0.25,0.7,21.0,70.7,16:48,21.5,1991
114,Bay,1991-07-09,1.8,7.8,7.5,0.35,0.95,28.0,85.1,2:24,29.5,1991
115,Bay,1991-07-15,0.0,8.0,7.5,0.99,0.375,27.5,82.4,9:36,28.0,1991
117,Bay,1991-08-02,0.7,8.0,7.5,0.35,1.025,24.5,79.7,16:48,26.5,1991
124,Bay,1991-09-23,1.8,8.5,8.0,0.31,0.52,20.0,69.8,19:12,21.0,1991
126,Bay,1991-10-17,9.0,9.7,7.5,0.2,0.65,13.0,51.8,19:12,11.0,1991
128,Bay,1991-11-07,4.7,10.2,7.7,0.25,0.75,13.0,56.3,7:12,13.5,1991
129,Bay,1991-11-14,6.2,11.3,7.0,0.15,0.8,12.0,56.3,7:12,13.5,1991
130,Bay,1991-11-21,2.6,9.1,7.0,0.15,0.85,17.0,67.1,2:24,19.5,1991
131,Bay,1991-11-29,3.3,10.8,7.5,0.25,0.6,12.0,59.0,0:00,15.0,1991
132,Bay,1991-12-09,2.0,10.4,7.5,0.15,0.25,10.0,59.0,0:00,15.0,1991
133,Bay,1991-12-20,1.4,15.1,8.0,0.2,0.3,2.0,35.6,14:24,2.0,1991
134,Bay,1991-12-27,2.9,11.6,7.5,0.35,0.49,7.0,44.6,14:24,7.0,1991
135,Bay,1992-01-03,2.0,11.8,7.5,0.28,0.45,10.0,53.6,14:24,12.0,1992
136,Bay,1992-01-09,2.2,11.3,7.5,0.3,0.99,7.5,49.1,2:24,9.5,1992
137,Bay,1992-01-20,1.4,12.6,7.0,0.2,0.58,2.0,32.9,21:36,0.5,1992
138,Bay,1992-01-30,1.6,11.6,7.0,0.25,0.48,6.0,43.7,16:48,6.5,1992
139,Bay,1992-02-10,2.4,14.2,7.0,0.25,0.3,3.0,39.2,4:48,4.0,1992
140,Bay,1992-02-17,2.0,11.1,7.0,0.15,0.68,10.0,44.6,14:24,7.0,1992
141,Bay,1992-02-23,2.4,10.0,7.5,0.15,0.68,12.5,54.5,12:00,12.5,1992
142,Bay,1992-03-02,2.9,11.3,8.0,0.2,0.8,13.0,59.9,21:36,15.5,1992
143,Bay,1992-03-09,3.5,10.0,7.5,0.25,0.75,16.0,64.4,9:36,18.0,1992
145,Bay,1992-03-23,2.9,11.6,7.5,0.05,0.35,3.0,44.6,14:24,7.0,1992
146,Bay,1992-04-06,3.0,11.0,7.5,0.25,0.42,9.0,50.0,0:00,10.0,1992
147,Bay,1992-04-13,3.8,10.6,7.5,0.1,0.5,13.0,45.5,12:00,7.5,1992
148,Bay,1992-04-20,4.7,9.4,7.0,0.2,0.78,17.0,55.4,9:36,13.0,1992
149,Bay,1992-04-27,3.7,9.6,7.0,0.35,0.65,14.0,55.49,11:45,13.05,1992
150,Bay,1992-05-05,3.8,8.9,7.5,0.2,0.6,15.5,50.0,0:00,10.0,1992
151,Bay,1992-05-11,4.2,9.2,7.5,0.3,0.7,17.5,62.6,14:24,17.0,1992
153,Bay,1992-06-01,5.0,9.4,7.0,0.4,0.9,20.0,68.9,21:36,20.5,1992
154,Bay,1992-06-08,4.3,7.9,7.0,0.4,1.05,27.5,84.2,4:48,29.0,1992
155,Bay,1992-06-15,5.1,7.8,8.0,0.4,0.8,25.0,84.2,4:48,29.0,1992
156,Bay,1992-06-22,4.7,9.0,7.5,0.45,0.68,19.0,64.4,9:36,18.0,1992
157,Bay,1992-06-29,4.5,0.8,7.5,0.4,0.8,26.0,78.8,19:12,26.0,1992
158,Bay,1992-07-06,4.3,7.5,7.5,0.45,1.0,25.0,75.2,4:48,24.0,1992
159,Bay,1992-07-13,5.1,7.3,7.5,0.35,0.95,28.5,87.8,19:12,31.0,1992
160,Bay,1992-07-27,5.1,7.6,8.0,0.35,0.95,28.0,86.9,21:36,30.5,1992
161,Bay,1992-08-03,4.5,8.0,8.0,0.3,0.85,26.0,78.8,19:12,26.0,1992
162,Bay,1992-08-07,4.7,8.0,8.0,0.33,0.6,23.0,77.0,0:00,25.0,1992
163,Bay,1992-08-14,4.7,7.1,7.5,0.4,0.95,24.5,71.6,14:24,22.0,1992
164,Bay,1992-08-23,3.9,8.5,8.0,0.4,0.8,24.5,78.8,19:12,26.0,1992
165,Bay,1992-08-31,4.3,7.7,7.5,0.3,1.0,23.0,77.0,0:00,25.0,1992
166,Bay,1992-09-14,4.8,9.2,8.0,0.38,0.38,19.5,71.6,14:24,22.0,1992
167,Bay,1992-09-20,4.3,7.6,7.5,0.35,0.8,23.5,75.2,4:48,24.0,1992
168,Bay,1992-09-27,5.4,9.8,8.0,0.25,0.45,24.0,79.7,16:48,26.5,1992
169,Bay,1992-10-05,3.9,9.2,7.5,0.1,0.15,16.0,62.6,14:24,17.0,1992
170,Bay,1992-10-19,4.1,9.8,7.5,0.1,1.0,12.0,50.0,0:00,10.0,1992
171,Bay,1992-10-26,4.2,10.6,7.0,0.3,0.63,12.5,55.4,9:36,13.0,1992
172,Bay,1992-11-02,3.4,10.6,7.5,0.35,0.65,16.5,63.5,12:00,17.5,1992
174,Bay,1992-11-16,3.9,11.0,7.5,0.4,0.55,7.5,41.9,21:36,5.5,1992
175,Bay,1992-11-23,3.9,9.0,7.85,0.25,0.85,18.5,70.7,16:48,21.5,1992
176,Bay,1992-11-30,3.7,10.9,7.5,0.55,0.7,9.0,46.4,9:36,8.0,1992
177,Bay,1992-12-17,4.1,10.8,7.0,0.15,0.5,12.0,59.9,21:36,15.5,1992
178,Bay,1992-12-20,3.8,10.1,7.0,0.25,0.85,10.5,50.9,21:36,10.5,1992
179,Bay,1992-12-27,4.7,13.2,7.0,0.25,0.45,5.5,41.9,21:36,5.5,1992
180,Bay,1993-01-04,3.7,11.0,7.0,0.35,0.5,8.0,60.8,19:12,16.0,1993
181,Bay,1993-01-11,3.5,11.9,7.0,0.25,0.25,9.0,44.6,14:24,7.0,1993
182,Bay,1993-01-24,3.3,10.5,7.0,0.3,0.95,10.5,58.1,2:24,14.5,1993
183,Bay,1993-02-01,2.9,12.0,7.0,0.2,0.85,6.0,49.1,2:24,9.5,1993
184,Bay,1993-02-08,3.4,12.6,7.0,0.1,0.3,5.0,41.9,21:36,5.5,1993
185,Bay,1993-02-16,3.5,12.4,7.0,0.3,0.75,8.0,53.6,14:24,12.0,1993
186,Bay,1993-02-22,2.9,12.7,7.0,0.1,0.85,8.0,59.0,0:00,15.0,1993
187,Bay,1993-03-08,3.9,10.7,7.0,0.1,1.15,10.0,56.3,7:12,13.5,1993
188,Bay,1993-03-15,3.4,12.8,7.0,0.5,1.7,2.5,34.7,16:48,1.5,1993
189,Bay,1993-03-22,3.3,11.2,7.0,0.15,0.4,10.0,51.8,19:12,11.0,1993
190,Bay,1993-03-29,3.0,10.0,7.0,0.5,0.7,14.5,54.5,12:00,12.5,1993
192,Bay,1993-04-05,2.5,10.0,7.0,0.35,0.8,10.0,44.6,14:24,7.0,1993
193,Bay,1993-04-12,2.5,9.7,7.0,0.3,1.0,15.5,60.8,10.15,16.0,1993
194,Bay,1993-04-19,3.0,10.0,7.0,0.3,1.15,14.5,53.6,14:24,12.0,1993
195,Bay,1993-04-26,3.4,8.7,7.0,0.3,1.2,19.0,69.8,19:12,21.0,1993
196,Bay,1993-05-10,3.2,8.0,7.0,0.4,0.85,21.0,69.8,19:12,21.0,1993
197,Bay,1993-05-17,3.9,8.0,7.0,0.5,1.0,24.0,77.0,0:00,25.0,1993
198,Bay,1993-05-24,2.9,9.0,7.0,0.3,0.85,20.0,71.6,14:24,22.0,1993
200,Bay,1993-06-14,3.9,8.1,7.0,0.45,0.45,21.5,68.9,21:36,20.5,1993
201,Bay,1993-06-21,3.8,7.2,7.0,0.55,1.0,26.5,80.6,14:24,27.0,1993
202,Bay,1993-06-28,3.9,7.1,7.0,0.55,0.8,26.5,86.0,0:00,30.0,1993
204,Bay,1993-07-19,4.2,7.3,7.5,0.45,0.75,27.0,81.5,12:00,27.5,1993
206,Bay,1993-08-02,3.9,8.0,8.0,0.4,0.8,26.5,86.0,0:00,30.0,1993
207,Bay,1993-08-09,3.5,9.1,8.0,0.3,0.55,25.5,79.7,16:48,26.5,1993
211,Bay,1993-09-27,1.8,7.2,7.9,0.4,0.95,24.5,76.1,2:24,24.5,1993
213,Bay,1993-10-12,1.5,8.8,7.8,0.3,0.5,16.5,59.0,0:00,15.0,1993
214,Bay,1993-10-18,1.5,8.8,7.7,0.35,0.75,18.0,64.94,22:33,18.3,1993
215,Bay,1993-10-25,1.8,10.6,8.4,0.4,0.6,15.6,66.02,0:28,18.9,1993
216,Bay,1993-11-08,1.5,8.2,7.5,0.35,0.55,9.8,52.34,8:09,11.3,1993
217,Bay,1993-11-15,1.4,9.6,7.9,0.4,0.8,17.3,72.5,12:00,22.5,1993
218,Bay,1993-11-29,1.5,9.4,7.1,0.2,0.55,12.1,50.9,21:36,10.5,1993
219,Bay,1993-12-06,1.5,9.8,7.4,0.25,0.75,10.5,48.74,17:45,9.3,1993
220,Bay,1993-12-13,1.5,13.0,7.6,0.25,0.45,1.3,41.9,21:36,5.5,1993
221,Bay,1993-12-28,1.5,12.1,7.1,0.3,0.7,3.8,39.74,17:45,4.3,1993
0,Bay,1994-01-03,1.3,11.7,7.3,0.4,0.4,5.9,46.4,11:00,8.0,1994
1,Bay,1994-01-31,1.5,12.0,7.4,0.2,0.35,3.0,36.68,11:30,2.6,1994
2,Bay,1994-02-07,1.0,10.5,7.2,0.25,0.6,5.9,45.68,9:45,7.6,1994
4,Bay,1994-02-28,1.0,12.6,7.2,0.2,0.4,1.6,32.0,10:30,0.0,1994
5,Bay,1994-03-07,1.0,9.9,7.1,0.2,0.9,9.7,59.36,10:00,15.2,1994
6,Bay,1994-03-14,0.5,10.4,7.2,0.25,0.75,9.8,50.18,11:00,10.1,1994
7,Bay,1994-03-28,1.0,9.2,7.1,0.15,0.95,16.1,71.78,9:50,22.1,1994
8,Bay,1994-04-04,1.0,9.2,7.2,0.25,0.75,15.0,56.3,10:00,13.5,1994
9,Bay,1994-04-11,1.0,8.6,7.3,0.2,0.75,15.7,55.4,10:00,13.0,1994
10,Bay,1994-04-18,1.0,8.8,7.6,0.2,0.7,17.5,61.88,10:30,16.6,1994
11,Bay,1994-04-25,1.0,10.0,7.9,0.2,0.5,19.3,71.78,11:00,22.1,1994
12,Bay,1994-05-02,1.3,9.8,7.5,0.2,0.65,16.1,55.4,10:30,13.0,1994
13,Bay,1994-05-09,1.0,10.1,7.9,0.25,0.75,18.8,67.1,10:45,19.5,1994
14,Bay,1994-05-16,1.0,8.2,7.8,0.25,0.8,22.1,72.14,10:00,22.3,1994
15,Bay,1994-05-23,1.0,10.8,9.1,0.05,0.05,21.7,75.74,11:00,24.3,1994
17,Bay,1994-06-06,1.0,9.4,8.6,0.35,0.8,23.8,78.26,11:00,25.7,1994
18,Bay,1994-06-13,1.2,10.4,9.0,0.35,0.8,27.9,80.42,10:45,26.9,1994
19,Bay,1994-06-20,1.5,9.8,9.0,0.35,0.7,29.5,86.9,10:15,30.5,1994
22,Bay,1994-06-25,2.0,11.0,9.4,0.5,0.9,30.5,83.3,10:30,28.5,1994
20,Bay,1994-06-27,1.5,7.3,8.1,0.25,1.2,25.5,82.22,10:15,27.9,1994
21,Bay,1994-07-03,2.0,10.7,9.0,0.4,0.9,28.5,82.4,10:40,28.0,1994
24,Bay,1994-08-08,2.0,10.2,9.2,0.4,0.55,22.0,70.7,10:30,21.5,1994
25,Bay,1994-08-15,2.3,6.9,8.8,0.45,0.9,24.5,68.0,10:30,20.0,1994
26,Bay,1994-08-22,2.0,9.1,9.1,0.45,0.9,27.0,76.1,10:30,24.5,1994
27,Bay,1994-08-29,2.3,9.8,9.3,0.45,0.75,27.0,80.6,10:45,27.0,1994
28,Bay,1994-09-05,2.5,8.6,8.5,0.2,1.2,17.0,62.6,10:00,17.0,1994
29,Bay,1994-09-12,2.5,7.9,8.4,0.35,0.6,21.0,66.2,10:30,19.0,1994
30,Bay,1994-09-19,2.5,8.2,8.1,0.45,0.6,20.5,70.7,10:30,21.5,1994
31,Bay,1994-09-26,2.25,6.9,8.1,0.45,0.8,23.0,73.4,10:15,23.0,1994
32,Bay,1994-10-10,2.5,8.4,8.1,0.45,0.5,17.0,62.6,10:30,17.0,1994
33,Bay,1994-10-24,2.5,7.4,7.6,0.35,0.85,18.0,66.2,10:20,19.0,1994
34,Bay,1994-11-07,2.5,9.0,7.3,0.2,0.5,15.0,59.0,10:00,15.0,1994
35,Bay,1994-11-28,2.8,9.4,7.7,0.25,0.65,13.0,63.5,10:30,17.5,1994
36,Bay,1994-12-12,2.5,11.4,6.9,0.35,0.4,5.0,41.0,11:00,5.0,1994
37,Bay,1994-12-29,3.0,10.4,6.9,0.15,0.4,8.0,49.1,11:00,9.5,1994
222,Bay,1995-01-16,3.0,8.5,7.4,0.25,0.85,13.5,61.7,16:48,16.5,1995
223,Bay,1995-01-23,3.0,10.75,7.1,0.2,0.7,4.5,46.4,9:36,8.0,1995
224,Bay,1995-02-13,3.0,12.5,6.8,0.2,0.25,2.0,29.3,7:12,-1.5,1995
225,Bay,1995-03-06,2.4,9.3,7.1,0.2,0.2,9.5,46.4,9:36,8.0,1995
227,Bay,1995-03-20,2.8,8.9,7.1,0.35,0.45,12.5,54.5,12:00,12.5,1995
228,Bay,1995-03-27,2.4,9.0,7.1,0.25,0.45,11.0,53.6,14:24,12.0,1995
229,Bay,1995-04-03,2.4,9.3,7.1,0.4,0.55,11.5,54.5,12:00,12.5,1995
230,Bay,1995-04-10,3.2,8.5,7.1,0.25,0.7,15.0,48.2,4:48,9.0,1995
231,Bay,1995-04-18,3.0,9.0,7.1,0.25,0.5,16.0,58.1,2:24,14.5,1995
232,Bay,1995-04-24,3.0,9.7,7.4,0.25,0.55,12.5,50.0,0:00,10.0,1995
233,Bay,1995-05-01,3.2,8.9,7.2,0.3,0.6,15.0,52.7,16:48,11.5,1995
234,Bay,1995-05-15,3.3,6.8,6.8,0.3,0.55,21.5,74.3,7:12,23.5,1995
235,Bay,1995-05-22,3.3,6.8,6.8,0.3,0.55,21.5,74.3,7:12,23.5,1995
236,Bay,1995-05-29,3.5,8.5,7.5,0.4,0.4,22.0,80.6,14:24,27.0,1995
237,Bay,1995-06-05,4.0,7.8,7.6,0.3,0.3,25.0,73.4,9:36,23.0,1995
238,Bay,1995-06-12,3.5,7.7,7.9,0.4,0.9,26.5,77.9,21:36,25.5,1995
239,Bay,1995-06-19,3.2,7.7,8.0,0.4,0.55,25.0,75.2,4:48,24.0,1995
240,Bay,1995-06-26,4.0,8.8,8.3,0.5,0.8,28.5,82.4,9:36,28.0,1995
242,Bay,1995-07-10,4.0,7.0,7.9,0.35,0.7,26.0,79.7,16:48,26.5,1995
243,Bay,1995-07-17,4.0,7.0,8.0,0.45,1.0,30.0,84.2,4:48,29.0,1995
244,Bay,1995-07-24,4.5,7.2,8.4,0.55,0.9,32.0,92.3,7:12,33.5,1995
245,Bay,1995-07-31,4.5,7.6,8.1,0.5,0.8,29.5,84.2,4:48,29.0,1995
246,Bay,1995-08-07,4.5,8.7,8.2,0.5,0.6,24.0,71.6,14:24,22.0,1995
247,Bay,1995-08-22,5.5,7.4,8.8,0.3,0.5,25.0,81.5,12:00,27.5,1995
249,Bay,1995-09-05,4.8,10.5,9.0,0.3,0.75,26.0,80.6,14:24,27.0,1995
250,Bay,1995-09-12,4.5,10.4,9.2,0.3,0.7,24.5,80.6,14:24,27.0,1995
251,Bay,1995-09-28,4.8,9.5,8.7,0.3,0.7,21.0,75.2,4:48,24.0,1995
252,Bay,1995-10-05,4.4,9.9,7.2,0.3,0.45,15.5,62.96,23:02,17.2,1995
253,Bay,1995-10-06,5.0,8.9,8.5,0.45,1.15,24.5,81.5,12:00,27.5,1995
254,Bay,1995-10-11,2.4,8.69,7.2,0.3,0.75,17.5,58.64,15:21,14.8,1995
255,Bay,1995-10-20,2.2,9.71,7.6,0.35,0.73,15.0,56.48,11:31,13.6,1995
256,Bay,1995-10-23,4.5,11.6,9.0,0.4,0.8,18.5,68.9,21:36,20.5,1995
257,Bay,1995-10-26,2.8,8.15,6.7,0.38,0.75,19.0,67.28,6:43,19.6,1995
258,Bay,1995-10-30,4.5,9.9,8.5,0.45,0.75,14.0,59.9,21:36,15.5,1995
259,Bay,1995-11-06,4.0,11.8,8.5,0.55,0.55,9.5,51.8,19:12,11.0,1995
260,Bay,1995-11-13,4.5,11.3,8.1,0.55,0.7,9.5,57.2,4:48,14.0,1995
261,Bay,1995-11-20,4.0,11.8,8.4,0.55,0.55,8.0,50.9,21:36,10.5,1995
262,Bay,1995-11-27,4.0,9.5,8.1,0.75,0.75,10.0,48.2,4:48,9.0,1995
264,Bay,1996-01-22,4.0,11.7,7.4,0.4,0.55,4.0,39.2,4:48,4.0,1996
265,Bay,1996-01-29,3.5,11.2,7.2,0.35,0.65,4.0,42.8,19:12,6.0,1996
266,Bay,1996-02-12,3.5,10.8,7.1,0.35,0.6,5.0,44.6,14:24,7.0,1996
267,Bay,1996-02-26,3.0,8.7,7.1,0.2,0.75,10.5,60.8,19:12,16.0,1996
268,Bay,1996-03-04,3.0,11.5,7.4,0.3,0.45,3.5,38.3,7:12,3.5,1996
270,Bay,1996-03-18,3.0,10.1,7.0,0.4,0.45,7.5,44.6,14:24,7.0,1996
272,Bay,1996-04-08,3.0,10.7,7.3,0.35,0.55,8.0,42.8,19:12,6.0,1996
273,Bay,1996-04-22,3.0,9.2,8.2,0.4,0.95,21.0,71.6,14:24,22.0,1996
274,Bay,1996-04-29,3.0,8.9,8.0,0.45,0.85,18.0,69.8,19:12,21.0,1996
275,Bay,1996-05-13,3.0,9.2,8.1,0.3,0.7,17.0,57.2,4:48,14.0,1996
277,Bay,1996-05-27,3.0,9.6,8.6,0.25,0.6,19.0,63.5,12:00,17.5,1996
278,Bay,1996-06-03,3.0,8.7,8.5,0.35,0.5,17.0,59.9,21:36,15.5,1996
279,Bay,1996-06-10,3.0,8.0,8.1,0.45,1.02,24.0,67.1,2:24,19.5,1996
280,Bay,1996-06-17,3.0,8.8,8.4,0.45,0.75,27.0,77.0,0:00,25.0,1996
281,Bay,1996-06-24,3.0,8.0,8.6,0.55,0.8,26.5,77.0,0:00,25.0,1996
289,Bay,1996-10-05,4.4,9.9,7.2,0.3,0.45,15.5,62.96,23:02,17.2,1996
290,Bay,1996-10-11,2.4,8.69,7.2,0.3,0.75,17.5,58.64,15:21,14.8,1996
291,Bay,1996-10-20,2.2,9.71,7.6,0.35,0.73,15.0,56.48,11:31,13.6,1996
292,Bay,1996-10-26,2.8,8.15,6.7,0.38,0.75,19.0,67.28,6:43,19.6,1996
293,Bay,1996-11-03,2.0,6.5,6.8,0.48,0.58,10.1,48.74,17:45,9.3,1996
294,Bay,1996-11-12,1.9,11.43,7.1,0.45,0.55,6.2,41.414,9:56,5.23,1996
295,Bay,1996-11-17,1.8,11.8,6.8,0.28,0.3,9.1,51.44,10:33,10.8,1996
296,Bay,1996-12-01,1.9,10.9,6.9,0.4,0.6,11.0,63.5,12:00,17.5,1996
297,Bay,1996-12-08,1.6,11.2,6.9,0.4,0.65,9.1,51.08,1:55,10.6,1996
298,Bay,1996-12-21,1.8,12.25,6.9,0.31,0.61,5.21,38.3,7:12,3.5,1996
299,Bay,1997-01-05,2.0,9.2,6.7,0.2,0.7,13.5,63.32,7:40,17.4,1997
301,Bay,1997-02-01,1.5,10.9,6.6,2.5,3.5,10.1,62.06,1:26,16.7,1997
302,Bay,1997-02-15,1.3,10.55,6.6,0.3,0.6,8.2,41.0,0:00,5.0,1997
303,Bay,1997-03-03,1.8,9.45,6.9,0.3,0.54,14.1,48.02,0:28,8.9,1997
304,Bay,1997-03-15,1.2,10.2,6.5,0.2,0.52,13.2,47.66,15:50,8.7,1997
305,Bay,1997-04-13,1.2,9.8,6.9,0.28,0.74,17.1,68.18,4:19,20.1,1997
306,Bay,1997-04-19,1.3,10.8,6.7,0.2,0.49,11.0,59.54,12:57,15.3,1997
307,Bay,1997-04-26,1.1,10.1,6.8,0.25,0.55,15.5,59.36,8:38,15.2,1997
308,Bay,1997-05-04,1.1,9.73,6.5,0.3,0.88,18.0,61.52,12:28,16.4,1997
310,Bay,1997-05-16,1.3,10.2,6.6,0.35,0.7,20.5,68.36,8:38,20.2,1997
311,Bay,1997-05-24,1.6,9.9,7.5,0.38,0.5,23.0,72.14,3:21,22.3,1997
313,Bay,1997-06-08,1.0,10.5,6.3,0.1,0.15,18.0,61.7,16:48,16.5,1997
314,Bay,1997-06-21,1.5,7.5,6.5,0.4,0.7,26.5,84.02,0:28,28.9,1997
315,Bay,1997-06-27,1.5,8.5,8.0,0.5,0.62,29.0,78.4,9:36,25.77777778,1997
316,Bay,1997-07-06,1.5,7.6,6.8,0.48,0.68,27.0,76.46,11:02,24.7,1997
317,Bay,1997-07-12,1.5,8.55,6.4,0.4,0.4,27.0,80.06,1:26,26.7,1997
318,Bay,1997-07-20,1.6,8.7,7.4,0.39,0.58,27.5,83.48,11:31,28.6,1997
319,Bay,1997-07-27,1.5,9.7,7.8,0.38,0.69,27.0,86.72,17:16,30.4,1997
320,Bay,1997-07-29,1.5,8.1,8.0,0.4,0.65,28.0,82.0,0:00,27.77777778,1997
321,Bay,1997-08-09,1.7,9.8,8.6,0.38,0.5,27.5,78.62,14:52,25.9,1997
322,Bay,1997-08-15,1.7,7.7,8.2,0.45,0.63,8.4,82.6,14:24,28.11111111,1997
323,Bay,1997-08-22,1.7,9.0,8.2,0.38,0.67,25.5,77.7,16:48,25.38888889,1997
324,Bay,1997-08-30,1.8,9.6,8.1,0.32,0.45,26.0,78.98,23:31,26.1,1997
325,Bay,1997-09-14,1.9,9.6,7.9,0.21,0.61,24.0,78.62,14:52,25.9,1997
326,Bay,1997-10-05,1.9,10.25,8.2,0.28,0.65,21.6,74.12,2:52,23.4,1997
328,Bay,1997-11-09,1.8,10.6,6.5,0.35,0.65,12.0,51.62,14:52,10.9,1997
329,Bay,1997-12-06,1.5,14.3,6.9,0.3,0.45,6.0,40.1,2:24,4.5,1997
330,Bay,1998-01-04,1.5,12.3,6.4,0.25,0.5,8.9,57.2,4:48,14.0,1998
331,Bay,1998-01-25,1.2,12.5,6.5,0.3,0.6,8.1,45.86,20:38,7.7,1998
333,Bay,1998-03-22,1.0,11.1,6.4,0.25,0.71,11.0,48.74,17:45,9.3,1998
335,Bay,1998-05-02,1.0,10.9,8.2,0.35,0.78,21.5,72.5,12:00,22.5,1998
336,Bay,1998-05-17,1.1,9.3,6.8,0.25,0.48,23.5,80.78,18:43,27.1,1998
338,Bay,1998-06-14,0.9,9.7,6.8,0.4,0.65,26.0,79.88,21:07,26.6,1998
339,Bay,1998-07-05,1.0,8.4,6.9,0.32,0.65,26.0,82.04,0:57,27.8,1998
340,Bay,1998-07-25,0.9,8.6,7.3,0.4,0.65,29.0,81.32,7:40,27.4,1998
341,Bay,1998-08-23,1.0,11.0,8.8,0.3,0.62,28.0,85.1,2:24,29.5,1998
342,Bay,1998-09-12,0.9,10.8,8.5,0.28,0.66,25.0,87.1,2:24,30.61111111,1998
343,Bay,1998-11-02,1.1,10.0,6.9,0.3,0.35,14.0,58.28,6:43,14.6,1998
344,Bay,1998-11-21,1.0,10.9,7.3,0.3,0.48,15.0,57.56,13:26,14.2,1998
379,Bay,1999-01-09,1.2,11.2,7.2,0.28,0.5,9.0,58.82,19:40,14.9,1999
382,Bay,1999-08-11,3.0,7.0,9.2,0.4,0.65,28.0,86.54,12:57,30.3,1999
369,D,1999-08-11,0.2,2.5,8.6,0.63,1.25,27.0,85.46,11:02,29.7,1999
360,C,1999-08-11,3.0,1.9,8.5,0.5,0.5,27.0,84.2,4:48,29.0,1999
352,B,1999-08-11,2.5,3.1,8.1,0.25,0.25,27.0,80.96,23:02,27.2,1999
345,A,1999-08-11,3.0,2.6,7.7,0.6,0.6,26.0,80.96,23:02,27.2,1999
347,A,1999-09-08,1.8,1.35,8.2,0.4,1.0,28.0,76.6,14:24,24.77777778,1999
384,Bay,1999-09-08,2.2,1.9,8.5,0.9,0.95,28.0,76.6,14:24,24.77777778,1999
363,C,1999-09-22,1.0,3.7,7.8,0.8,0.8,18.0,60.0,0:00,15.55555556,1999
385,Bay,1999-10-15,2.0,4.8,5.7,0.42,0.5,16.0,65.0,0:00,18.33333333,1999
365,C,1999-10-27,0.0,3.7,7.7,0.55,0.55,43.0,72.0,0:00,22.22222222,1999
374,D,1999-10-27,0.4,3.4,7.4,0.95,1.35,42.5,72.0,0:00,22.22222222,1999
375,D,1999-11-10,0.0,6.5,8.0,1.05,1.5,15.0,60.0,0:00,15.55555556,1999
387,Bay,1999-11-10,1.0,7.5,8.1,5.5,5.5,14.0,60.0,0:00,15.55555556,1999
377,D,1999-12-16,0.0,7.8,8.9,0.8,1.4,11.0,49.0,0:00,9.444444444,1999
388,Bay,1999-12-16,1.0,8.7,9.1,0.5,0.85,11.0,48.0,0:00,8.888888889,1999
389,Bay,1999-12-30,0.1,6.1,7.0,0.25,0.45,5.0,41.0,0:00,5.0,1999
351,A,1999-12-30,1.0,7.8,6.9,0.65,0.85,8.0,42.8,19:12,6.0,1999
378,D,1999-12-30,0.0,8.25,8.0,1.1,1.4,5.0,41.0,0:00,5.0,1999
368,C,1999-12-30,0.1,7.3,6.9,0.7,0.7,5.0,41.0,0:00,5.0,1999
359,B,1999-12-30,0.2,6.1,6.9,0.25,0.25,7.0,41.0,0:00,5.0,1999
433,C,2000-02-02,1.0,5.9,6.9,0.65,0.81,4.0,45.0,0:00,7.222222222,2000
455,D,2000-02-02,0.0,7.1,7.2,1.4,1.4,4.0,45.0,0:00,7.222222222,2000
477,Bay,2000-02-02,1.5,6.1,7.2,0.05,0.4,3.0,43.0,0:00,6.111111111,2000
411,B,2000-02-02,1.0,6.4,7.1,0.35,0.35,5.0,46.0,0:00,7.777777778,2000
457,D,2000-02-29,0.0,6.9,7.0,0.9,0.95,14.0,62.0,0:00,16.66666667,2000
391,A,2000-02-29,1.5,5.0,8.1,0.9,1.1,15.0,58.0,0:00,14.44444444,2000
414,B,2000-03-13,1.5,10.0,7.8,0.3,0.3,12.5,48.0,0:00,8.888888889,2000
480,Bay,2000-03-13,1.5,9.75,8.6,0.45,0.5,12.0,45.0,0:00,7.222222222,2000
394,A,2000-05-01,0.5,3.6,7.1,0.9,1.0,23.0,75.0,0:00,23.88888889,2000
416,B,2000-05-01,1.0,3.5,7.5,0.15,0.15,25.5,75.0,0:00,23.88888889,2000
482,Bay,2000-05-01,1.0,4.1,7.9,0.3,0.65,19.5,75.0,0:00,23.88888889,2000
483,Bay,2000-05-15,1.2,8.0,8.7,0.4,0.45,23.0,71.0,0:00,21.66666667,2000
395,A,2000-05-15,1.0,6.4,8.2,0.85,0.9,27.0,71.0,0:00,21.66666667,2000
417,B,2000-05-15,1.5,7.6,9.7,4.0,4.5,30.0,71.0,0:00,21.66666667,2000
440,C,2000-05-30,0.5,7.9,8.0,0.5,0.5,15.0,58.0,0:00,14.44444444,2000
462,D,2000-05-30,0.0,6.3,8.2,0.1,1.6,15.0,50.0,0:00,10.0,2000
441,C,2000-06-13,1.0,8.2,9.5,0.4,0.4,28.0,73.0,0:00,22.77777778,2000
485,Bay,2000-06-13,1.5,7.3,8.4,0.4,0.64,26.0,73.7,16:48,23.16666667,2000
420,B,2000-06-26,1.0,8.3,8.8,0.05,0.1,30.0,82.4,9:36,28.0,2000
486,Bay,2000-06-26,1.5,7.0,8.5,0.5,0.85,26.0,83.0,0:00,28.33333333,2000
465,D,2000-07-11,0.0,4.4,8.6,0.65,1.6,27.0,78.8,19:12,26.0,2000
443,C,2000-07-11,0.01,5.7,8.2,0.5,0.5,32.0,80.6,14:24,27.0,2000
487,Bay,2000-07-11,1.0,5.0,8.6,0.4,0.8,27.0,77.0,0:00,25.0,2000
400,A,2000-07-24,0.05,6.1,8.0,0.55,0.55,25.0,78.0,0:00,25.55555556,2000
422,B,2000-07-24,1.0,1.8,7.5,0.0,0.15,24.0,78.0,0:00,25.55555556,2000
488,Bay,2000-07-24,1.0,6.4,8.2,0.4,0.55,25.0,78.0,0:00,25.55555556,2000
467,D,2000-08-10,0.0,4.1,5.6,0.65,1.6,28.0,83.0,0:00,28.33333333,2000
489,Bay,2000-08-10,1.5,6.0,8.1,0.6,0.68,28.0,83.0,0:00,28.33333333,2000
445,C,2000-08-10,0.0,6.3,6.7,0.6,0.6,29.0,83.0,0:00,28.33333333,2000
490,Bay,2000-08-22,1.0,7.1,8.7,0.3,0.45,22.0,71.0,0:00,21.66666667,2000
424,B,2000-08-22,0.0,2.4,7.8,0.35,0.35,22.0,71.0,0:00,21.66666667,2000
402,A,2000-08-22,0.0,5.2,7.5,0.65,0.65,25.0,72.0,0:00,22.22222222,2000
447,C,2000-09-06,0.0,6.3,8.1,0.55,0.55,21.0,72.0,0:00,22.22222222,2000
469,D,2000-09-06,0.0,5.0,8.5,0.7,1.65,21.0,71.6,14:24,22.0,2000
491,Bay,2000-09-06,1.0,5.2,8.6,0.2,0.45,20.0,72.0,0:00,22.22222222,2000
426,B,2000-09-18,0.8,7.6,7.9,0.1,0.1,20.0,70.0,0:00,21.11111111,2000
493,Bay,2000-10-04,0.8,7.3,8.6,0.3,0.7,27.0,83.0,0:00,28.33333333,2000
427,B,2000-10-04,1.0,8.5,8.5,0.1,0.1,30.0,84.0,0:00,28.88888889,2000
405,A,2000-10-04,1.1,8.7,8.3,0.55,0.7,35.0,84.0,0:00,28.88888889,2000
472,D,2000-10-26,0.0,8.5,8.8,0.7,1.05,19.5,66.0,0:00,18.88888889,2000
494,Bay,2000-10-26,1.0,5.3,8.8,0.26,0.35,19.5,66.0,0:00,18.88888889,2000
450,C,2000-10-26,0.5,6.2,8.4,0.25,0.25,21.5,67.0,0:00,19.44444444,2000
407,A,2000-11-01,0.0,9.75,8.2,0.65,0.65,16.0,58.0,0:00,14.44444444,2000
495,Bay,2000-11-01,1.0,4.8,9.2,0.3,0.3,16.0,57.7,16:48,14.27777778,2000
429,B,2000-11-01,1.0,5.5,8.1,0.1,0.11,14.0,58.0,0:00,14.44444444,2000
474,D,2000-11-14,0.0,6.2,9.0,0.7,1.4,13.0,55.0,0:00,12.77777778,2000
496,Bay,2000-11-14,1.0,7.8,9.9,0.4,0.6,13.0,55.0,0:00,12.77777778,2000
452,C,2000-11-14,1.0,6.0,7.4,0.3,0.3,13.0,55.0,0:00,12.77777778,2000
475,D,2000-12-11,0.0,10.0,9.3,1.1,1.3,7.0,45.0,0:00,7.222222222,2000
453,C,2000-12-11,1.0,6.5,8.1,0.1,0.1,7.5,45.0,0:00,7.222222222,2000
432,B,2000-12-18,1.5,7.2,7.9,0.2,0.4,7.5,43.4,9:36,6.333333333,2000
410,A,2000-12-18,1.0,9.9,8.2,0.7,0.7,9.0,44.0,0:00,6.666666667,2000
568,D,2001-01-08,0.0,9.7,8.8,1.0,1.25,6.0,43.0,0:00,6.111111111,2001
591,Bay,2001-01-08,1.0,8.1,9.2,0.36,0.36,7.0,43.0,0:00,6.111111111,2001
592,Bay,2001-01-23,1.0,9.0,9.3,0.1,0.1,8.0,38.3,7:12,3.5,2001
523,B,2001-01-23,1.0,7.8,8.0,0.3,0.3,6.0,38.8,19:12,3.777777778,2001
500,A,2001-01-23,1.0,5.7,8.4,0.7,0.7,5.0,38.8,19:12,3.777777778,2001
547,C,2001-02-06,1.0,6.0,7.9,0.6,0.6,10.0,52.0,0:00,11.11111111,2001
593,Bay,2001-02-06,1.0,8.5,8.8,0.23,0.33,11.0,51.0,0:00,10.55555556,2001
570,D,2001-02-06,0.0,8.4,8.7,1.1,1.4,10.0,52.0,0:00,11.11111111,2001
594,Bay,2001-02-20,1.0,9.2,9.1,0.2,0.35,11.0,61.5,12:00,16.38888889,2001
525,B,2001-02-20,1.5,9.3,7.7,0.4,0.4,12.0,62.0,0:00,16.66666667,2001
502,A,2001-02-20,1.0,8.1,7.8,0.75,0.75,10.0,62.0,0:00,16.66666667,2001
595,Bay,2001-03-15,1.2,9.25,9.2,0.35,0.6,14.0,51.8,19:12,11.0,2001
503,A,2001-03-15,0.5,7.7,8.0,0.65,0.85,13.5,52.0,0:00,11.11111111,2001
550,C,2001-03-26,1.0,9.9,8.3,0.6,0.6,9.0,41.0,0:00,5.0,2001
573,D,2001-03-26,0.0,9.6,9.0,0.7,1.5,10.0,41.0,0:00,5.0,2001
596,Bay,2001-03-26,1.0,9.9,9.4,0.25,0.45,10.0,41.7,16:48,5.388888889,2001
598,Bay,2001-04-24,2.0,6.4,9.3,0.3,0.8,20.0,71.0,0:00,21.66666667,2001
575,D,2001-04-24,0.0,4.1,9.3,0.8,1.4,19.5,72.0,0:00,22.22222222,2001
552,C,2001-04-24,1.0,4.8,8.1,0.4,0.4,23.0,73.0,0:00,22.77777778,2001
599,Bay,2001-05-08,2.0,5.0,8.6,0.15,0.15,21.0,64.0,0:00,17.77777778,2001
507,A,2001-05-08,1.0,2.5,9.1,0.2,0.65,22.0,65.0,0:00,18.33333333,2001
530,B,2001-05-08,2.0,3.0,8.7,0.01,0.01,25.0,65.0,0:00,18.33333333,2001
554,C,2001-05-22,3.0,2.5,7.6,0.32,0.32,24.0,72.0,0:00,22.22222222,2001
577,D,2001-05-22,0.0,4.9,8.1,0.7,1.2,23.0,71.0,0:00,21.66666667,2001
600,Bay,2001-05-22,1.0,7.8,8.8,0.4,0.8,20.0,70.0,0:00,21.11111111,2001
509,A,2001-06-05,1.0,5.5,8.7,0.8,0.8,24.0,71.0,0:00,21.66666667,2001
532,B,2001-06-05,2.0,4.1,8.5,0.1,0.1,24.0,71.0,0:00,21.66666667,2001
601,Bay,2001-06-05,2.0,4.35,9.2,0.4,0.4,23.0,70.9,21:36,21.61111111,2001
579,D,2001-06-18,0.0,5.5,8.7,0.5,0.9,26.0,77.0,0:00,25.0,2001
602,Bay,2001-06-18,2.0,5.1,8.6,0.4,0.4,25.0,77.0,0:00,25.0,2001
556,C,2001-06-18,2.0,4.0,8.4,0.3,0.3,27.0,77.0,0:00,25.0,2001
603,Bay,2001-07-05,3.5,5.4,8.7,0.25,0.75,26.0,75.0,0:00,23.88888889,2001
511,A,2001-07-05,3.0,4.2,8.3,0.4,0.65,27.0,76.0,0:00,24.44444444,2001
604,Bay,2001-07-20,3.0,7.2,9.8,0.3,0.3,23.0,72.0,0:00,22.22222222,2001
512,A,2001-07-20,1.5,4.9,9.2,0.5,0.5,26.0,72.0,0:00,22.22222222,2001
605,Bay,2001-08-08,3.0,4.1,9.1,0.4,0.7,30.0,80.0,0:00,26.66666667,2001
536,B,2001-08-08,3.0,2.3,8.3,0.2,0.2,30.0,84.0,0:00,28.88888889,2001
513,A,2001-08-08,3.0,4.5,8.5,0.35,1.1,30.0,88.0,0:00,31.11111111,2001
583,D,2001-08-20,0.0,4.3,8.9,0.2,1.4,27.0,80.0,0:00,26.66666667,2001
560,C,2001-08-20,2.5,5.5,7.9,0.3,0.3,28.0,80.0,0:00,26.66666667,2001
606,Bay,2001-08-20,3.0,4.9,8.7,0.3,0.85,26.0,79.3,7:12,26.27777778,2001
515,A,2001-09-05,3.0,3.0,0.3,0.35,1.1,26.0,76.0,0:00,24.44444444,2001
538,B,2001-09-05,2.5,0.0,7.8,0.1,0.25,25.0,76.0,0:00,24.44444444,2001
607,Bay,2001-09-05,3.0,4.0,8.5,0.35,0.55,25.0,76.0,0:00,24.44444444,2001
608,Bay,2001-09-18,3.5,4.6,7.7,0.15,0.15,23.0,78.0,0:00,25.55555556,2001
516,A,2001-09-18,2.0,3.6,8.9,0.65,0.9,24.0,77.0,0:00,25.0,2001
539,B,2001-09-18,3.0,1.5,8.5,0.25,0.35,23.0,78.0,0:00,25.55555556,2001
563,C,2001-10-02,3.0,6.1,8.3,0.25,0.25,23.0,73.0,0:00,22.77777778,2001
586,D,2001-10-02,0.0,3.9,8.7,0.7,1.1,19.0,73.0,0:00,22.77777778,2001
518,A,2001-10-22,3.0,3.8,8.4,0.6,0.85,19.0,70.0,0:00,21.11111111,2001
610,Bay,2001-10-22,3.0,4.6,8.6,0.6,0.6,19.0,67.3,7:12,19.61111111,2001
541,B,2001-10-22,3.0,2.6,8.2,0.2,0.2,20.0,69.0,0:00,20.55555556,2001
519,A,2001-11-06,3.0,4.9,8.2,0.6,0.8,14.0,52.9,21:36,11.61111111,2001
542,B,2001-11-06,3.5,4.2,8.3,0.2,0.2,13.0,52.9,21:36,11.61111111,2001
611,Bay,2001-11-06,3.0,5.5,9.5,0.25,0.25,13.0,52.9,21:36,11.61111111,2001
678,D,2002-01-10,0.0,10.0,6.8,1.4,1.4,9.0,52.0,0:00,11.11111111,2002
656,C,2002-01-10,3.0,6.8,7.0,0.4,0.4,9.5,54.0,0:00,12.22222222,2002
637,B,2002-01-22,2.5,7.2,7.9,0.45,0.45,8.0,50.0,0:00,10.0,2002
701,Bay,2002-01-22,3.0,9.0,9.0,0.3,0.35,59.0,49.9,21:36,9.944444444,2002
615,A,2002-01-22,3.0,2.7,7.8,0.8,1.3,9.0,51.0,0:00,10.55555556,2002
639,B,2002-02-26,3.0,7.8,8.2,0.45,0.45,12.0,58.0,0:00,14.44444444,2002
703,Bay,2002-02-26,3.0,7.6,9.2,0.3,0.35,11.0,57.0,0:00,13.88888889,2002
617,A,2002-02-26,2.0,7.6,8.2,1.15,1.15,12.0,59.0,0:00,15.0,2002
705,Bay,2002-04-17,3.0,4.4,7.5,0.3,0.7,25.0,80.0,0:00,26.66666667,2002
641,B,2002-04-17,2.0,4.2,8.0,0.1,0.2,27.0,83.0,0:00,28.33333333,2002
706,Bay,2002-04-30,3.0,7.3,7.5,0.4,0.65,18.5,58.0,0:00,14.44444444,2002
642,B,2002-04-30,2.0,3.4,8.5,0.5,0.5,18.0,60.0,0:00,15.55555556,2002
620,A,2002-04-30,1.0,2.3,7.5,0.4,1.1,22.0,60.0,0:00,15.55555556,2002
707,Bay,2002-05-16,2.5,8.3,7.5,0.2,0.7,20.0,62.0,0:00,16.66666667,2002
708,Bay,2002-05-28,3.0,4.5,7.5,0.3,0.55,24.0,70.0,0:00,21.11111111,2002
664,C,2002-05-28,3.5,4.6,8.0,0.2,0.2,25.0,70.0,0:00,21.11111111,2002
686,D,2002-05-28,0.0,6.1,6.5,0.3,1.3,24.0,70.0,0:00,21.11111111,2002
623,A,2002-06-11,2.0,4.2,7.0,0.7,0.7,26.0,72.0,0:00,22.22222222,2002
709,Bay,2002-06-11,3.0,5.9,8.5,0.3,0.65,23.5,70.0,0:00,21.11111111,2002
645,B,2002-06-11,3.0,3.3,7.0,0.1,0.1,25.0,71.0,0:00,21.66666667,2002
710,Bay,2002-06-24,4.0,5.1,7.5,0.4,0.75,27.0,82.0,0:00,27.77777778,2002
666,C,2002-06-24,3.0,3.8,8.5,0.2,0.2,28.0,83.0,0:00,28.33333333,2002
715,Bay,2002-09-05,3.0,6.5,7.5,0.5,0.7,27.0,80.0,0:00,26.66666667,2002
629,A,2002-09-05,0.0,4.5,7.0,0.6,0.8,26.0,81.0,0:00,27.22222222,2002
651,B,2002-09-05,0.0,3.5,7.5,0.28,0.3,27.0,81.0,0:00,27.22222222,2002
694,D,2002-09-20,0.0,4.2,7.0,0.7,1.2,26.0,81.0,0:00,27.22222222,2002
718,Bay,2002-10-31,4.0,6.3,7.5,0.5,0.5,10.0,47.8,19:12,8.777777778,2002
720,Bay,2002-12-06,2.0,9.6,7.0,0.1,0.1,5.0,37.0,0:00,2.777777778,2002
634,A,2002-12-06,2.0,7.7,7.0,0.5,1.0,5.0,38.0,0:00,3.333333333,2002
721,Bay,2002-12-16,2.0,6.8,7.0,0.3,0.6,7.5,49.0,0:00,9.444444444,2002
800,Bay,2003-01-03,0.0,5.1,7.0,0.3,0.6,14.0,52.0,0:00,11.11111111,2003
742,B,2003-01-03,0.0,6.6,7.0,0.2,0.2,13.0,53.0,0:00,11.66666667,2003
722,A,2003-01-03,0.0,8.1,6.5,0.9,1.1,15.0,53.0,0:00,11.66666667,2003
801,Bay,2003-02-03,0.0,6.6,7.0,0.4,0.4,7.0,45.9,21:36,7.722222222,2003
782,D,2003-02-03,0.0,7.4,6.0,1.2,1.5,6.0,46.0,0:00,7.777777778,2003
744,B,2003-02-20,0.0,6.4,7.5,0.5,0.5,7.0,44.0,0:00,6.666666667,2003
764,C,2003-03-06,1.0,3.2,7.0,0.7,0.7,14.0,58.0,0:00,14.44444444,2003
803,Bay,2003-03-06,1.0,4.1,6.5,0.3,0.9,14.0,59.9,21:36,15.5,2003
726,A,2003-03-20,1.0,6.4,6.5,0.6,1.0,12.0,53.0,0:00,11.66666667,2003
804,Bay,2003-03-20,2.0,3.8,7.0,0.2,0.3,11.0,52.9,21:36,11.61111111,2003
805,Bay,2003-04-21,1.0,5.8,7.0,0.3,0.6,16.0,64.9,21:36,18.27777778,2003
766,C,2003-04-21,0.0,5.6,7.0,0.4,0.4,18.0,65.0,0:00,18.33333333,2003
748,B,2003-05-01,0.0,7.3,7.5,0.6,0.6,25.0,76.0,0:00,24.44444444,2003
728,A,2003-05-01,0.0,3.9,6.5,0.45,1.15,23.0,75.0,0:00,23.88888889,2003
807,Bay,2003-05-22,2.0,6.3,6.5,0.3,0.5,20.0,60.4,9:36,15.77777778,2003
749,B,2003-06-05,0.0,8.5,9.5,0.1,0.1,25.1,72.0,0:00,22.22222222,2003
730,A,2003-06-05,0.0,4.7,6.5,0.5,0.85,24.0,70.0,0:00,21.11111111,2003
809,Bay,2003-06-20,0.0,4.1,7.0,0.4,0.8,24.0,72.1,2:24,22.27777778,2003
790,D,2003-06-20,0.0,4.3,6.0,0.5,1.5,25.0,72.7,16:48,22.61111111,2003
770,C,2003-06-20,0.0,4.5,7.0,0.5,0.5,24.0,73.0,0:00,22.77777778,2003
810,Bay,2003-07-01,0.0,5.2,6.5,0.4,0.7,27.0,26.5,12:00,-3.055555556,2003
732,A,2003-07-01,0.0,2.7,6.5,0.4,1.0,28.0,76.5,12:00,24.72222222,2003
772,C,2003-07-17,0.0,4.7,7.0,0.35,0.35,28.0,75.0,0:00,23.88888889,2003
811,Bay,2003-07-17,0.0,3.8,6.5,0.4,0.8,26.0,74.0,0:00,23.33333333,2003
792,D,2003-07-17,0.0,2.9,6.5,0.5,1.4,28.0,75.0,0:00,23.88888889,2003
812,Bay,2003-08-07,0.0,7.0,7.2,0.5,0.9,25.0,77.0,0:00,25.0,2003
734,A,2003-08-07,0.0,3.0,6.5,0.45,1.0,25.0,80.6,14:24,27.0,2003
753,B,2003-08-07,0.0,3.2,7.0,0.2,0.2,25.0,77.0,0:00,25.0,2003
813,Bay,2003-09-04,4.0,3.7,7.0,0.5,0.75,27.0,81.9,21:36,27.72222222,2003
794,D,2003-09-04,0.0,4.7,6.5,0.5,1.5,28.0,82.0,0:00,27.77777778,2003
774,C,2003-09-04,0.0,4.7,7.0,0.15,0.15,27.0,83.0,0:00,28.33333333,2003
736,A,2003-10-02,0.0,5.6,6.5,0.6,0.9,20.0,64.0,0:00,17.77777778,2003
755,B,2003-10-02,0.5,5.5,7.0,0.15,0.15,18.0,64.0,0:00,17.77777778,2003
776,C,2003-10-23,1.0,5.6,7.5,0.15,0.15,14.0,58.0,0:00,14.44444444,2003
815,Bay,2003-10-23,1.0,5.8,6.5,0.4,0.55,14.0,57.0,0:00,13.88888889,2003
796,D,2003-10-23,1.0,4.4,6.5,1.1,1.5,14.0,57.0,0:00,13.88888889,2003
816,Bay,2003-11-06,1.0,6.5,6.5,0.75,0.75,23.0,76.3,7:12,24.61111111,2003
757,B,2003-11-06,1.0,4.7,7.0,0.15,0.15,25.0,76.0,0:00,24.44444444,2003
738,A,2003-11-06,0.0,2.9,6.5,0.1,0.8,24.0,76.0,0:00,24.44444444,2003
817,Bay,2003-11-20,3.0,8.8,6.5,0.4,0.6,14.0,56.0,0:00,13.33333333,2003
797,D,2003-11-20,1.0,6.5,6.5,1.2,1.4,14.5,56.0,0:00,13.33333333,2003
759,B,2003-12-01,1.0,8.8,7.5,0.75,0.2,12.0,58.0,0:00,14.44444444,2003
818,Bay,2003-12-01,3.0,8.7,6.5,0.2,0.75,11.0,58.0,0:00,14.44444444,2003
799,D,2003-12-15,2.0,7.1,6.0,1.5,1.7,12.0,48.0,0:00,8.888888889,2003
819,Bay,2003-12-15,2.0,6.9,6.0,0.4,0.7,8.0,47.0,0:00,8.333333333,2003
844,B,2004-01-04,1.0,8.5,7.0,0.2,0.2,4.0,33.0,0:00,0.555555556,2004
820,A,2004-01-04,1.0,8.5,7.0,0.65,1.05,5.0,33.0,0:00,0.555555556,2004
915,Bay,2004-01-09,1.0,8.2,6.5,0.4,0.4,6.0,33.0,0:00,0.555555556,2004
893,D,2004-01-20,0.0,10.0,6.5,1.4,1.4,4.0,40.0,0:00,4.444444444,2004
916,Bay,2004-01-20,1.0,9.5,6.5,0.2,0.3,7.0,40.0,0:00,4.444444444,2004
846,B,2004-02-05,1.0,6.6,7.0,0.25,0.25,5.0,43.0,0:00,6.111111111,2004
822,A,2004-02-05,1.0,7.0,7.0,0.8,1.1,60.0,43.0,0:00,6.111111111,2004
917,Bay,2004-02-05,0.0,5.9,6.5,0.2,0.25,15.5,43.0,0:00,6.111111111,2004
918,Bay,2004-02-19,1.0,7.5,7.0,0.1,0.1,6.0,37.0,0:00,2.777777778,2004
871,C,2004-02-19,1.0,9.1,7.0,0.5,0.6,6.0,11.5,12:00,-11.38888889,2004
895,D,2004-02-19,1.0,10.1,6.5,1.5,1.5,6.0,37.0,0:00,2.777777778,2004
919,Bay,2004-03-04,1.0,3.7,6.5,0.1,0.5,15.0,64.0,0:00,17.77777778,2004
848,B,2004-03-04,0.0,5.4,7.0,0.2,0.2,16.0,65.0,0:00,18.33333333,2004
824,A,2004-03-04,0.0,7.5,7.0,1.0,1.2,16.0,64.0,0:00,17.77777778,2004
873,C,2004-03-18,1.0,6.7,7.0,0.6,0.6,10.0,45.0,0:00,7.222222222,2004
920,Bay,2004-03-18,0.0,7.7,6.5,0.2,0.45,9.0,43.3,7:12,6.277777778,2004
921,Bay,2004-04-01,0.0,7.6,7.0,0.1,0.1,14.0,52.5,12:00,11.38888889,2004
826,A,2004-04-01,0.0,6.7,7.0,0.6,1.0,13.0,54.0,0:00,12.22222222,2004
850,B,2004-04-01,1.0,7.2,8.0,0.3,0.3,13.0,54.0,0:00,12.22222222,2004
875,C,2004-04-16,1.0,7.4,7.5,0.4,0.4,14.0,52.0,0:00,11.11111111,2004
922,Bay,2004-04-16,1.0,5.7,6.5,0.2,0.5,13.0,52.0,0:00,11.11111111,2004
899,D,2004-04-16,1.0,5.8,6.5,0.9,1.5,14.0,52.0,0:00,11.11111111,2004
900,D,2004-04-29,0.0,4.9,6.5,1.1,1.35,19.0,62.0,0:00,16.66666667,2004
923,Bay,2004-04-29,0.0,7.1,6.5,0.35,0.45,16.0,62.0,0:00,16.66666667,2004
829,A,2004-05-13,0.0,3.9,6.0,0.7,0.8,26.0,77.0,0:00,25.0,2004
853,B,2004-05-13,0.0,3.1,9.0,0.2,0.2,28.0,26.0,0:00,-3.333333333,2004
878,C,2004-06-03,0.0,4.2,7.5,0.3,0.3,26.0,80.0,0:00,26.66666667,2004
925,Bay,2004-06-03,0.0,4.8,6.5,0.5,0.7,26.0,77.0,0:00,25.0,2004
902,D,2004-06-03,0.0,4.5,6.5,0.7,1.3,26.0,78.0,0:00,25.55555556,2004
831,A,2004-06-17,0.0,2.9,6.5,0.5,0.5,26.0,77.0,0:00,25.0,2004
926,Bay,2004-06-17,0.0,3.3,6.5,0.5,0.8,25.0,77.0,0:00,25.0,2004
904,D,2004-07-08,0.0,2.6,6.5,0.6,1.65,29.0,78.0,0:00,25.55555556,2004
927,Bay,2004-07-08,1.0,4.7,6.5,0.5,0.6,27.0,77.0,0:00,25.0,2004
857,B,2004-07-22,0.0,3.1,8.0,0.1,0.1,28.5,81.0,0:00,27.22222222,2004
928,Bay,2004-07-22,2.0,3.1,6.5,0.5,0.55,27.0,79.0,0:00,26.11111111,2004
905,D,2004-08-05,0.0,3.1,6.5,0.5,1.6,28.0,82.0,0:00,27.77777778,2004
929,Bay,2004-08-05,0.0,3.15,6.5,0.55,0.6,27.0,81.5,12:00,27.5,2004
882,C,2004-08-05,0.0,2.9,6.5,0.6,0.6,29.0,83.0,0:00,28.33333333,2004
859,B,2004-08-19,0.0,2.8,6.5,0.2,0.2,28.0,82.0,0:00,27.77777778,2004
835,A,2004-08-19,0.0,3.0,6.5,0.95,0.95,27.0,80.0,0:00,26.66666667,2004
930,Bay,2004-08-19,0.0,4.75,6.5,0.4,0.8,26.0,79.9,21:36,26.61111111,2004
907,D,2004-09-02,0.0,3.0,6.5,0.4,1.4,25.2,78.0,0:00,25.55555556,2004
931,Bay,2004-09-02,0.0,5.2,6.5,0.4,0.6,24.0,78.0,0:00,25.55555556,2004
932,Bay,2004-09-16,0.0,4.0,6.5,0.45,0.65,24.0,29.0,0:00,-1.666666667,2004
861,B,2004-09-16,0.0,3.7,7.0,0.2,0.2,26.0,29.0,0:00,-1.666666667,2004
837,A,2004-09-16,0.0,3.6,6.5,0.4,0.8,26.0,29.0,0:00,-1.666666667,2004
933,Bay,2004-10-01,1.0,4.3,7.0,0.4,0.7,23.0,71.8,19:12,22.11111111,2004
909,D,2004-10-01,0.0,6.4,6.5,0.6,1.5,24.0,72.0,0:00,22.22222222,2004
886,C,2004-10-01,0.0,5.3,7.5,0.3,0.3,23.0,72.0,0:00,22.22222222,2004
934,Bay,2004-10-21,1.0,5.8,6.5,0.6,0.7,18.0,63.0,0:00,17.22222222,2004
863,B,2004-10-21,2.0,4.5,7.0,0.3,0.3,17.0,63.0,0:00,17.22222222,2004
910,D,2004-10-21,1.0,3.3,6.5,0.8,0.8,17.0,63.0,0:00,17.22222222,2004
935,Bay,2004-11-05,1.0,5.9,6.5,0.5,0.6,14.0,57.0,0:00,13.88888889,2004
888,C,2004-11-05,0.0,6.2,7.0,0.5,0.5,15.0,57.0,0:00,13.88888889,2004
936,Bay,2004-11-18,0.0,5.9,6.5,0.5,0.5,11.0,51.0,0:00,10.55555556,2004
841,A,2004-11-18,0.0,8.0,7.0,0.6,0.6,10.0,51.0,0:00,10.55555556,2004
890,C,2004-12-02,1.0,4.2,7.0,0.5,0.5,12.0,55.0,0:00,12.77777778,2004
937,Bay,2004-12-02,0.0,6.3,6.5,0.4,0.65,11.0,53.6,14:24,12.0,2004
913,D,2004-12-02,0.0,7.25,6.5,1.5,1.5,12.0,54.0,0:00,12.22222222,2004
938,Bay,2004-12-16,2.0,5.2,6.5,0.3,0.3,4.0,33.0,0:00,0.555555556,2004
867,B,2004-12-16,4.0,5.7,7.5,0.2,0.2,4.0,35.0,0:00,1.666666667,2004
843,A,2004-12-16,2.0,6.3,7.0,0.9,1.0,5.0,34.0,0:00,1.111111111,2004
1000,D,2005-01-06,0.0,7.6,6.5,1.4,1.4,13.0,58.0,0:00,14.44444444,2005
979,C,2005-01-06,1.0,4.3,7.0,0.4,0.4,13.0,58.0,0:00,14.44444444,2005
1023,Bay,2005-01-06,1.0,5.9,6.0,0.4,0.5,12.0,57.7,16:48,14.27777778,2005
960,B,2005-02-03,0.0,6.7,7.0,0.3,0.3,34.5,38.0,0:00,3.333333333,2005
1024,Bay,2005-02-03,0.0,7.3,6.5,0.15,0.15,6.0,37.4,9:36,3.0,2005
940,A,2005-02-03,0.0,5.5,7.0,0.8,0.8,5.0,38.0,0:00,3.333333333,2005
1002,D,2005-02-17,0.0,6.6,6.5,1.3,1.5,10.0,44.0,0:00,6.666666667,2005
981,C,2005-02-17,1.0,5.3,7.0,0.6,0.6,12.0,45.0,0:00,7.222222222,2005
1025,Bay,2005-02-17,0.0,6.3,6.5,0.3,0.5,9.0,44.0,0:00,6.666666667,2005
962,B,2005-03-03,2.0,5.3,7.0,0.3,0.3,5.0,34.0,0:00,1.111111111,2005
942,A,2005-03-03,1.0,6.2,7.0,1.1,1.1,5.0,34.0,0:00,1.111111111,2005
983,C,2005-03-10,1.0,6.9,7.0,0.7,0.7,6.0,45.0,0:00,7.222222222,2005
1027,Bay,2005-03-10,1.0,7.4,6.0,0.2,0.4,6.0,44.0,0:00,6.666666667,2005
1004,D,2005-03-10,1.0,7.7,6.5,1.2,1.4,6.0,44.0,0:00,6.666666667,2005
944,A,2005-04-21,0.0,3.3,7.0,0.3,0.9,19.0,70.0,0:00,21.11111111,2005
1028,Bay,2005-04-21,0.0,5.2,6.0,0.2,0.5,19.0,70.0,0:00,21.11111111,2005
964,B,2005-04-21,0.0,5.4,8.5,0.2,0.2,20.0,71.0,0:00,21.66666667,2005
1029,Bay,2005-05-05,0.0,6.9,6.5,0.4,0.4,15.0,58.0,0:00,14.44444444,2005
1006,D,2005-05-05,0.0,5.2,6.5,1.0,1.4,17.0,58.0,0:00,14.44444444,2005
1030,Bay,2005-05-24,0.0,6.3,6.5,0.4,0.6,20.0,61.0,0:00,16.11111111,2005
966,B,2005-05-24,0.0,6.0,9.0,0.1,0.1,20.0,62.0,0:00,16.66666667,2005
946,A,2005-05-24,0.0,4.7,7.0,0.6,0.75,20.0,62.0,0:00,16.66666667,2005
1031,Bay,2005-06-03,0.0,6.6,6.5,0.6,0.7,18.0,63.0,0:00,17.22222222,2005
1008,D,2005-06-03,0.0,5.0,6.5,1.0,1.5,18.0,63.0,0:00,17.22222222,2005
987,C,2005-06-03,0.0,4.4,8.0,0.7,0.7,18.0,64.0,0:00,17.77777778,2005
1009,D,2005-06-16,0.0,4.3,6.5,0.8,1.4,34.0,88.0,0:00,31.11111111,2005
988,C,2005-06-16,0.0,4.8,8.5,0.6,0.6,34.0,88.0,0:00,31.11111111,2005
1034,Bay,2005-07-14,0.0,3.6,6.0,0.6,0.7,25.0,27.0,0:00,-2.777777778,2005
1035,Bay,2005-07-21,0.0,5.7,6.0,0.6,0.6,28.0,83.0,0:00,28.33333333,2005
1012,D,2005-07-21,0.0,4.3,6.5,0.7,1.5,32.0,83.0,0:00,28.33333333,2005
991,C,2005-08-11,0.0,5.2,7.5,0.1,0.1,32.0,86.0,0:00,30.0,2005
1036,Bay,2005-08-11,0.0,3.7,6.5,0.6,0.6,27.0,85.0,0:00,29.44444444,2005
1013,D,2005-08-11,0.0,2.9,6.5,0.4,0.8,31.0,85.0,0:00,29.44444444,2005
1037,Bay,2005-08-24,0.0,4.9,6.0,0.45,0.45,25.0,73.0,0:00,22.77777778,2005
992,C,2005-08-24,0.0,3.6,7.0,0.3,0.3,25.0,73.0,0:00,22.77777778,2005
972,B,2005-09-08,0.0,2.4,7.0,0.1,0.1,26.0,74.0,0:00,23.33333333,2005
1038,Bay,2005-09-08,0.0,5.0,6.5,0.1,0.1,74.0,76.0,0:00,24.44444444,2005
1016,D,2005-09-22,0.0,3.9,6.5,0.7,1.0,26.0,78.0,0:00,25.55555556,2005
994,C,2005-09-22,0.0,2.6,6.5,0.2,0.2,25.0,78.0,0:00,25.55555556,2005
1039,Bay,2005-09-22,0.0,4.3,6.0,0.5,0.7,25.0,78.0,0:00,25.55555556,2005
954,A,2005-10-07,0.0,3.4,6.5,0.6,0.8,24.0,77.0,0:00,25.0,2005
1040,Bay,2005-10-07,0.0,5.3,6.5,0.6,0.7,24.0,72.0,0:00,22.22222222,2005
974,B,2005-10-07,0.0,4.5,7.0,0.1,0.1,25.0,77.0,0:00,25.0,2005
1041,Bay,2005-10-27,0.0,6.2,6.5,0.5,0.5,16.0,51.0,0:00,10.55555556,2005
1018,D,2005-10-27,0.0,5.9,6.5,1.0,1.4,14.0,51.0,0:00,10.55555556,2005
1042,Bay,2005-11-03,0.0,5.7,6.5,0.5,0.5,14.0,57.0,0:00,13.88888889,2005
976,B,2005-11-03,0.0,5.7,6.5,0.15,0.15,13.0,59.0,0:00,15.0,2005
1020,D,2005-11-10,0.0,5.9,6.5,0.9,1.3,17.0,59.0,0:00,15.0,2005
998,C,2005-11-10,0.0,5.0,7.0,0.3,0.3,17.0,59.0,0:00,15.0,2005
1043,Bay,2005-11-10,0.0,6.6,6.5,0.5,0.7,18.0,59.0,0:00,15.0,2005
1044,Bay,2005-12-01,0.0,7.2,6.5,0.45,0.45,11.0,43.0,0:00,6.111111111,2005
978,B,2005-12-01,0.0,6.1,7.0,0.5,0.5,13.0,45.0,0:00,7.222222222,2005
958,A,2005-12-01,0.0,7.0,6.5,0.9,0.9,10.0,45.0,0:00,7.222222222,2005
1022,D,2005-12-15,0.0,10.0,6.5,0.8,0.9,5.0,46.0,0:00,7.777777778,2005
1045,Bay,2005-12-15,0.0,7.6,6.5,0.2,0.2,6.0,46.0,0:00,7.777777778,2005
1093,C,2006-01-03,0.0,5.9,7.0,0.5,0.5,10.0,48.0,0:00,8.888888889,2006
1117,D,2006-01-03,0.0,8.1,6.5,1.2,1.6,9.0,48.0,0:00,8.888888889,2006
1047,A,2006-01-19,0.0,7.7,6.5,1.1,1.1,9.0,46.0,0:00,7.777777778,2006
1070,B,2006-01-19,0.0,5.7,7.0,0.2,0.2,8.0,46.0,0:00,7.777777778,2006
1141,Bay,2006-01-19,0.0,7.5,6.5,0.3,0.7,9.0,45.0,0:00,7.222222222,2006
1095,C,2006-02-02,0.0,8.8,7.0,0.5,0.5,9.0,54.0,0:00,12.22222222,2006
1142,Bay,2006-02-02,0.0,7.8,6.5,0.5,0.5,7.0,51.8,19:12,11.0,2006
1049,A,2006-02-09,0.0,8.6,7.0,1.0,1.1,7.0,39.2,4:48,4.0,2006
1143,Bay,2006-02-09,0.0,8.7,6.5,0.4,0.4,7.0,30.0,0:00,-1.111111111,2006
1121,D,2006-03-09,0.0,8.7,6.5,1.4,1.4,10.0,56.0,0:00,13.33333333,2006
1097,C,2006-03-09,0.0,9.9,7.5,0.5,0.5,10.0,57.2,4:48,14.0,2006
1144,Bay,2006-03-09,1.0,9.7,6.5,0.2,0.4,10.0,59.0,0:00,15.0,2006
1051,A,2006-03-15,0.0,7.8,7.0,1.0,1.0,14.0,44.6,14:24,7.0,2006
1145,Bay,2006-03-15,0.0,7.5,7.0,0.2,0.6,11.0,48.0,0:00,8.888888889,2006
1074,B,2006-03-15,0.0,7.7,7.0,0.2,0.2,12.0,48.2,4:48,9.0,2006
1123,D,2006-04-06,0.0,6.2,6.5,1.2,1.4,15.0,59.0,0:00,15.0,2006
1146,Bay,2006-04-06,0.0,7.7,6.5,0.5,0.5,13.0,53.0,0:00,11.66666667,2006
1099,C,2006-04-06,0.0,8.2,8.0,0.4,0.4,14.0,59.0,0:00,15.0,2006
1147,Bay,2006-04-21,1.0,6.9,6.5,0.3,0.5,17.0,62.6,14:24,17.0,2006
1076,B,2006-04-21,0.0,8.0,7.0,0.2,0.2,18.0,62.6,14:24,17.0,2006
1101,C,2006-05-05,0.0,9.0,8.5,0.1,0.3,19.0,60.8,19:12,16.0,2006
1125,D,2006-05-05,0.0,6.6,6.5,1.4,1.4,19.0,60.8,19:12,16.0,2006
1148,Bay,2006-05-05,0.0,7.4,6.5,0.1,0.1,19.0,60.8,19:12,16.0,2006
1149,Bay,2006-05-17,0.0,7.3,6.5,0.5,0.8,20.0,71.6,14:24,22.0,2006
1079,B,2006-06-01,0.0,4.4,7.0,0.1,0.1,26.0,77.0,0:00,25.0,2006
1150,Bay,2006-06-01,0.0,6.1,6.5,0.5,0.65,25.0,77.0,0:00,25.0,2006
1056,A,2006-06-01,0.0,5.0,7.0,0.7,0.7,20.0,77.0,0:00,25.0,2006
1080,B,2006-06-16,0.0,3.8,6.0,0.4,0.4,23.0,68.0,0:00,20.0,2006
1151,Bay,2006-06-16,0.0,6.8,6.5,0.5,0.7,22.0,68.0,0:00,20.0,2006
1152,Bay,2006-07-06,0.0,6.0,6.5,0.4,0.8,27.0,73.4,9:36,23.0,2006
1057,A,2006-07-06,0.0,3.6,6.5,0.9,1.0,28.0,73.4,9:36,23.0,2006
1081,B,2006-07-06,0.0,4.7,6.5,0.2,0.2,27.0,73.4,9:36,23.0,2006
1153,Bay,2006-07-18,0.0,5.3,6.0,2.0,5.0,27.0,73.0,0:00,22.77777778,2006
1106,C,2006-07-18,0.0,2.7,6.5,0.2,0.2,26.0,73.0,0:00,22.77777778,2006
1154,Bay,2006-07-27,0.0,6.9,6.0,0.4,0.6,28.0,78.8,19:12,26.0,2006
1083,B,2006-07-27,0.0,2.9,6.5,0.2,0.2,29.0,79.0,0:00,26.11111111,2006
1131,D,2006-08-17,0.0,3.9,5.0,0.65,1.3,25.0,79.0,0:00,26.11111111,2006
1155,Bay,2006-08-17,0.0,7.2,7.0,0.4,0.55,25.0,79.0,0:00,26.11111111,2006
1108,C,2006-08-17,0.0,6.8,6.5,0.2,0.2,28.0,80.0,0:00,26.66666667,2006
1156,Bay,2006-09-07,0.0,6.3,7.0,0.45,0.9,23.0,70.0,0:00,21.11111111,2006
1133,D,2006-09-21,0.0,5.8,6.5,0.9,1.5,20.0,66.0,0:00,18.88888889,2006
1110,C,2006-09-21,0.0,5.2,6.5,0.4,0.4,20.0,66.0,0:00,18.88888889,2006
1157,Bay,2006-09-21,0.0,6.3,7.0,0.5,0.7,19.0,65.0,0:00,18.33333333,2006
1087,B,2006-10-05,0.0,8.2,7.0,0.4,0.4,23.0,73.0,0:00,22.77777778,2006
1158,Bay,2006-10-05,0.0,7.0,7.0,0.4,0.7,22.0,73.0,0:00,22.77777778,2006
1159,Bay,2006-10-19,8.0,0.1,7.0,0.4,0.7,18.0,65.0,0:00,18.33333333,2006
1135,D,2006-10-19,0.0,5.3,6.5,0.2,0.6,20.0,67.0,0:00,19.44444444,2006
1136,D,2006-11-06,0.0,5.9,6.5,1.3,1.3,13.0,60.0,0:00,15.55555556,2006
1160,Bay,2006-11-06,0.0,7.6,6.5,0.3,0.3,11.0,60.0,0:00,15.55555556,2006
1113,C,2006-11-06,0.0,4.9,6.5,0.1,0.1,17.0,61.0,0:00,16.11111111,2006
1161,Bay,2006-11-16,0.0,7.7,6.5,0.6,0.9,18.0,65.0,0:00,18.33333333,2006
1066,A,2006-11-16,0.0,6.0,6.5,0.6,0.95,17.0,65.0,0:00,18.33333333,2006
1090,B,2006-11-16,0.0,6.8,6.5,0.3,0.3,18.0,65.0,0:00,18.33333333,2006
1162,Bay,2006-11-30,0.0,6.3,6.5,0.5,0.7,14.0,65.0,0:00,18.33333333,2006
1115,C,2006-11-30,0.0,6.9,6.5,0.1,0.1,14.0,65.0,0:00,18.33333333,2006
1092,B,2006-12-14,0.0,7.7,6.0,0.1,0.2,15.0,58.0,0:00,14.44444444,2006
1163,Bay,2006-12-14,0.0,8.0,6.5,0.4,0.4,13.0,50.0,0:00,10.0,2006
1232,D,2007-01-04,0.0,7.6,5.0,1.2,1.6,54.0,12.0,0:00,-11.11111111,2007
1254,Bay,2007-01-04,0.0,9.0,6.5,0.6,0.6,12.0,54.0,0:00,12.22222222,2007
1165,A,2007-01-18,0.0,9.8,7.0,0.7,0.7,7.0,47.0,0:00,8.333333333,2007
1187,B,2007-01-18,0.0,6.8,7.0,0.3,0.3,6.0,47.0,0:00,8.333333333,2007
1255,Bay,2007-01-18,0.0,10.1,6.5,0.2,0.2,6.0,47.0,0:00,8.333333333,2007
1234,D,2007-02-02,0.0,10.0,6.5,2.0,2.0,5.0,43.0,0:00,6.111111111,2007
1256,Bay,2007-02-02,0.0,8.1,6.5,0.45,0.45,5.0,42.0,0:00,5.555555556,2007
1210,C,2007-02-02,0.0,9.3,8.0,0.2,0.2,5.0,43.0,0:00,6.111111111,2007
1167,A,2007-02-15,0.0,8.8,7.0,1.0,1.0,5.0,26.0,0:00,-3.333333333,2007
1257,Bay,2007-02-15,0.0,9.3,6.5,0.3,0.3,3.0,26.0,0:00,-3.333333333,2007
1189,B,2007-02-15,0.0,10.0,6.5,0.2,0.2,2.0,26.0,0:00,-3.333333333,2007
1259,Bay,2007-03-21,0.0,8.7,6.5,0.3,0.37,11.0,51.0,0:00,10.55555556,2007
1191,B,2007-03-21,0.0,9.4,6.5,0.15,0.15,14.0,51.0,0:00,10.55555556,2007
1237,D,2007-04-06,0.0,7.1,6.0,1.0,1.3,14.0,46.0,0:00,7.777777778,2007
1214,C,2007-04-06,0.0,8.4,7.0,0.4,0.4,15.0,47.0,0:00,8.333333333,2007
1260,Bay,2007-04-06,0.0,9.9,6.5,0.4,0.45,11.0,46.0,0:00,7.777777778,2007
1193,B,2007-04-19,0.0,8.1,6.5,0.2,0.2,13.0,32.0,0:00,0.0,2007
1261,Bay,2007-04-19,0.0,8.7,6.5,0.1,0.2,13.0,57.0,0:00,13.88888889,2007
1239,D,2007-05-03,0.0,5.9,6.5,0.9,2.0,20.0,59.0,0:00,15.0,2007
1216,C,2007-05-03,0.0,5.8,7.5,0.4,0.4,19.0,59.0,0:00,15.0,2007
1262,Bay,2007-05-03,0.0,7.2,6.5,0.4,0.7,19.0,59.0,0:00,15.0,2007
1263,Bay,2007-05-24,0.0,6.9,7.0,0.5,0.6,20.0,65.0,0:00,18.33333333,2007
1195,B,2007-05-24,0.0,5.9,8.5,0.3,0.3,23.0,66.0,0:00,18.88888889,2007
1265,Bay,2007-06-14,0.0,8.8,6.5,7.4,7.4,20.0,67.0,0:00,19.44444444,2007
1241,D,2007-06-14,0.0,5.9,6.5,0.9,1.1,21.0,67.0,0:00,19.44444444,2007
1242,D,2007-07-05,0.0,3.9,6.5,0.5,0.9,24.0,82.0,0:00,27.77777778,2007
1198,B,2007-07-05,0.0,3.1,7.5,0.3,0.3,25.0,73.0,0:00,22.77777778,2007
1267,Bay,2007-07-19,0.0,4.7,7.0,0.3,0.7,27.0,80.0,0:00,26.66666667,2007
1200,B,2007-08-02,0.0,2.6,6.5,0.25,0.25,29.0,80.0,0:00,26.66666667,2007
1268,Bay,2007-08-02,0.0,3.2,8.0,0.45,0.55,28.0,78.0,0:00,25.55555556,2007
1176,A,2007-08-02,0.0,3.7,7.0,0.5,0.75,30.0,79.0,0:00,26.11111111,2007
1269,Bay,2007-08-21,0.0,5.1,7.5,0.4,0.8,26.0,80.0,0:00,26.66666667,2007
1245,D,2007-08-21,0.0,5.7,7.0,0.7,0.9,28.0,80.0,0:00,26.66666667,2007
1223,C,2007-08-21,0.0,4.5,7.0,0.3,0.3,28.0,81.0,0:00,27.22222222,2007
1178,A,2007-09-06,0.0,2.3,7.0,0.8,0.8,26.0,81.0,0:00,27.22222222,2007
1270,Bay,2007-09-06,0.0,4.2,8.5,0.5,0.65,25.0,81.0,0:00,27.22222222,2007
1247,D,2007-09-27,0.0,4.1,8.5,0.5,0.8,26.0,73.0,0:00,22.77777778,2007
1271,Bay,2007-09-27,0.0,3.2,8.0,0.5,0.9,25.0,73.0,0:00,22.77777778,2007
1226,C,2007-10-11,0.0,4.3,7.0,0.3,0.3,21.0,66.0,0:00,18.88888889,2007
1248,D,2007-10-11,0.0,3.3,7.0,0.6,0.9,22.0,66.0,0:00,18.88888889,2007
1272,Bay,2007-10-11,0.0,3.2,7.0,0.4,0.7,23.0,65.0,0:00,18.33333333,2007
1274,Bay,2007-11-01,0.0,3.7,7.0,0.4,0.7,28.0,68.0,0:00,20.0,2007
1250,D,2007-11-01,0.0,5.9,7.0,0.75,1.0,28.0,68.0,0:00,20.0,2007
1228,C,2007-11-01,0.0,5.3,7.0,0.35,0.35,28.0,68.0,0:00,20.0,2007
1275,Bay,2007-11-12,0.0,4.1,7.0,0.55,0.6,13.0,57.0,0:00,13.88888889,2007
1183,A,2007-11-12,0.0,3.9,7.0,0.8,1.0,13.0,59.0,0:00,15.0,2007
1207,B,2007-11-12,0.0,6.2,7.0,0.4,0.4,12.0,57.0,0:00,13.88888889,2007
1252,D,2007-12-06,0.0,8.7,7.0,1.0,1.0,5.0,37.0,0:00,2.777777778,2007
1276,Bay,2007-12-06,0.0,6.8,7.0,0.25,0.25,5.0,37.0,0:00,2.777777778,2007
1230,C,2007-12-06,0.0,6.2,7.0,0.5,0.75,5.0,37.0,0:00,2.777777778,2007
1253,D,2007-12-20,0.0,6.3,6.0,1.1,1.1,7.0,40.0,0:00,4.444444444,2007
1231,C,2007-12-20,0.0,5.2,6.5,0.6,0.65,7.0,40.0,0:00,4.444444444,2007
1277,Bay,2007-12-20,0.0,6.3,7.0,0.4,0.6,6.0,39.0,0:00,3.888888889,2007
1373,Bay,2008-01-17,1.0,7.1,7.0,0.3,0.3,6.0,42.0,0:00,5.555555556,2008
1349,D,2008-01-17,1.0,5.1,6.5,0.9,1.3,6.0,42.0,0:00,5.555555556,2008
1302,B,2008-01-17,1.0,4.9,7.0,0.7,0.9,5.0,42.0,0:00,5.555555556,2008
1327,C,2008-02-07,0.0,4.3,7.0,0.7,0.7,16.0,61.0,0:00,16.11111111,2008
1350,D,2008-02-07,0.0,6.5,6.5,1.9,1.9,15.0,62.0,0:00,16.66666667,2008
1374,Bay,2008-02-07,0.0,3.0,7.0,0.2,0.8,15.0,61.0,0:00,16.11111111,2008
1281,A,2008-02-19,0.0,5.1,6.5,0.7,2.1,12.0,46.0,0:00,7.777777778,2008
1375,Bay,2008-02-19,0.0,5.3,7.0,0.3,0.7,11.0,45.0,0:00,7.222222222,2008
1329,C,2008-03-07,0.0,5.2,7.0,0.6,0.6,4.0,45.0,0:00,7.222222222,2008
1352,D,2008-03-07,0.0,8.1,6.5,1.2,2.0,4.0,45.0,0:00,7.222222222,2008
1376,Bay,2008-03-07,0.0,4.0,7.0,0.3,0.7,5.0,45.0,0:00,7.222222222,2008
1306,B,2008-03-21,0.0,6.9,8.0,0.6,0.6,13.0,49.0,0:00,9.444444444,2008
1283,A,2008-03-21,0.0,4.8,6.5,0.8,1.5,15.0,48.0,0:00,8.888888889,2008
1377,Bay,2008-03-21,0.0,7.5,7.0,0.2,0.7,12.0,48.0,0:00,8.888888889,2008
1354,D,2008-04-03,0.0,7.0,6.5,0.7,1.3,12.0,47.0,0:00,8.333333333,2008
1378,Bay,2008-04-03,1.0,7.9,7.0,0.3,0.4,12.0,47.0,0:00,8.333333333,2008
1331,C,2008-04-03,0.0,6.5,7.0,0.3,0.5,13.0,48.0,0:00,8.888888889,2008
1308,B,2008-04-17,0.0,5.3,8.5,0.55,0.55,13.0,59.0,0:00,15.0,2008
1379,Bay,2008-04-17,0.0,6.4,7.0,0.25,0.25,12.0,59.0,0:00,15.0,2008
1285,A,2008-04-17,0.0,4.0,6.5,0.5,1.2,16.0,59.0,0:00,15.0,2008
1380,Bay,2008-05-08,0.0,5.3,7.0,0.3,1.0,20.0,70.0,0:00,21.11111111,2008
1356,D,2008-05-08,0.0,2.2,6.0,0.3,1.5,20.0,70.0,0:00,21.11111111,2008
1332,C,2008-05-08,0.0,2.3,7.0,0.4,0.6,20.0,70.0,0:00,21.11111111,2008
1286,A,2008-05-22,0.0,4.3,7.0,0.6,1.0,22.0,67.0,0:00,19.44444444,2008
1310,B,2008-05-22,0.0,5.2,7.0,0.4,0.4,22.0,68.0,0:00,20.0,2008
1358,D,2008-06-05,0.0,5.0,7.0,0.7,1.3,28.0,83.0,0:00,28.33333333,2008
1382,Bay,2008-06-05,0.0,4.9,7.2,0.6,0.88,26.0,83.0,0:00,28.33333333,2008
1334,C,2008-06-05,0.0,5.4,8.0,0.25,0.4,29.0,78.0,0:00,25.55555556,2008
1383,Bay,2008-06-19,4.0,6.2,7.0,0.5,0.6,24.5,75.0,0:00,23.88888889,2008
1384,Bay,2008-07-03,1.0,7.3,8.0,0.4,0.4,26.0,81.0,0:00,27.22222222,2008
1336,C,2008-07-03,1.0,5.1,7.0,0.4,0.4,29.0,87.0,0:00,30.55555556,2008
1360,D,2008-07-03,1.0,4.6,7.0,0.6,1.2,27.0,83.0,0:00,28.33333333,2008
1314,B,2008-07-21,1.0,2.8,7.5,2.5,2.5,30.0,85.0,0:00,29.44444444,2008
1385,Bay,2008-07-21,2.0,5.6,8.5,0.6,0.7,28.0,83.0,0:00,28.33333333,2008
1290,A,2008-07-21,1.0,3.8,6.5,0.7,1.3,32.0,85.0,0:00,29.44444444,2008
1362,D,2008-08-07,0.0,5.0,6.5,0.7,1.2,28.0,79.0,0:00,26.11111111,2008
1386,Bay,2008-08-07,3.0,6.6,8.0,0.7,0.7,26.0,78.0,0:00,25.55555556,2008
1340,C,2008-09-09,1.0,3.1,7.5,0.2,0.2,28.0,74.0,0:00,23.33333333,2008
1364,D,2008-09-09,1.0,6.0,6.5,0.7,1.2,27.0,73.0,0:00,22.77777778,2008
1388,Bay,2008-09-09,2.0,4.5,6.0,0.7,0.825,25.0,73.0,0:00,22.77777778,2008
1294,A,2008-09-23,1.0,6.6,7.0,0.5,0.5,20.0,68.0,0:00,20.0,2008
1318,B,2008-09-23,2.0,3.9,7.0,0.1,0.2,20.0,68.0,0:00,20.0,2008
1389,Bay,2008-09-23,3.0,3.7,8.0,1.0,1.0,20.0,68.0,0:00,20.0,2008
1390,Bay,2008-10-09,0.0,5.3,7.0,0.5,0.6,20.0,68.0,0:00,20.0,2008
1342,C,2008-10-09,0.0,3.9,8.0,0.2,0.2,21.0,70.0,0:00,21.11111111,2008
1366,D,2008-10-09,0.0,6.0,6.5,1.0,1.4,21.0,69.0,0:00,20.55555556,2008
1367,D,2008-10-28,1.0,8.1,6.5,1.2,1.4,12.0,45.0,0:00,7.222222222,2008
1391,Bay,2008-10-28,3.0,7.0,7.5,0.7,0.9,11.0,45.0,0:00,7.222222222,2008
1343,C,2008-10-28,1.0,6.3,8.0,0.4,0.5,10.0,45.0,0:00,7.222222222,2008
1321,B,2008-11-06,3.0,7.0,7.5,0.3,0.3,15.0,60.0,0:00,15.55555556,2008
1392,Bay,2008-11-06,3.0,5.9,7.0,0.2,0.3,20.0,59.0,0:00,15.0,2008
1297,A,2008-11-06,1.0,6.8,6.5,0.8,0.85,15.0,60.0,0:00,15.55555556,2008
1393,Bay,2008-11-18,1.0,9.3,7.0,0.7,0.7,9.0,41.0,0:00,5.0,2008
1369,D,2008-11-18,1.0,6.0,6.5,0.7,1.4,10.0,41.0,0:00,5.0,2008
1345,C,2008-11-18,1.0,6.3,7.0,0.5,0.5,8.0,41.0,0:00,5.0,2008
1394,Bay,2008-12-04,1.0,6.6,7.0,0.7,0.7,7.0,47.0,0:00,8.333333333,2008
1346,C,2008-12-04,0.0,7.1,6.0,0.9,1.5,8.0,47.0,0:00,8.333333333,2008
1371,D,2008-12-16,1.0,6.4,6.5,0.7,1.5,11.0,49.0,0:00,9.444444444,2008
1347,C,2008-12-16,1.0,6.4,7.5,0.3,0.5,10.0,49.0,0:00,9.444444444,2008
1395,Bay,2008-12-16,1.0,5.6,6.5,0.6,0.85,12.0,49.0,0:00,9.444444444,2008
1421,B,2009-01-27,0.0,8.0,7.0,0.3,0.3,4.0,38.0,0:00,3.333333333,2009
1492,Bay,2009-01-27,0.0,6.4,7.0,0.03,0.03,5.0,38.0,0:00,3.333333333,2009
1397,A,2009-01-27,0.0,6.9,6.5,0.5,0.8,4.0,38.0,0:00,3.333333333,2009
1493,Bay,2009-02-05,1.0,9.1,7.0,0.3,0.3,2.0,26.0,0:00,-3.333333333,2009
1469,D,2009-02-05,0.0,9.7,6.5,0.7,1.4,2.0,26.0,0:00,-3.333333333,2009
1446,C,2009-02-05,0.0,8.4,7.0,0.5,0.5,1.0,26.0,0:00,-3.333333333,2009
1399,A,2009-02-19,0.0,5.2,6.5,0.8,0.9,10.0,55.0,0:00,12.77777778,2009
1423,B,2009-02-19,0.0,8.0,7.0,0.25,0.25,10.0,55.0,0:00,12.77777778,2009
1494,Bay,2009-02-19,1.0,9.0,7.0,3.5,3.5,12.0,55.0,0:00,12.77777778,2009
1448,C,2009-03-05,0.0,7.5,6.5,0.5,0.5,8.0,40.0,0:00,4.444444444,2009
1495,Bay,2009-03-05,1.0,9.0,7.0,0.3,0.3,12.0,40.0,0:00,4.444444444,2009
1450,C,2009-04-05,0.0,5.3,6.5,0.5,0.5,12.0,48.0,0:00,8.888888889,2009
1473,D,2009-04-05,0.0,6.7,6.5,0.5,1.5,14.0,48.0,0:00,8.888888889,2009
1497,Bay,2009-04-05,0.0,7.5,7.0,0.3,0.8,15.0,48.0,0:00,8.888888889,2009
1427,B,2009-04-21,0.0,5.3,8.0,0.4,0.6,21.0,62.0,0:00,16.66666667,2009
1403,A,2009-04-21,0.0,3.7,6.5,0.4,0.6,19.0,61.0,0:00,16.11111111,2009
1475,D,2009-05-07,0.0,5.0,7.0,0.6,1.7,23.0,70.0,0:00,21.11111111,2009
1499,Bay,2009-05-07,0.0,6.9,7.0,0.5,1.1,21.0,69.0,0:00,20.55555556,2009
1429,B,2009-05-21,0.0,4.8,9.0,0.1,0.3,20.0,61.0,0:00,16.11111111,2009
1405,A,2009-05-21,0.0,4.1,7.0,0.5,0.7,21.0,61.0,0:00,16.11111111,2009
1500,Bay,2009-05-21,0.0,8.1,8.5,0.03,0.03,19.0,60.0,0:00,15.55555556,2009
1501,Bay,2009-06-02,0.0,5.8,8.5,0.5,0.5,24.0,73.0,0:00,22.77777778,2009
1407,A,2009-06-23,0.0,4.2,7.0,0.5,0.5,16.0,73.0,0:00,22.77777778,2009
1502,Bay,2009-06-23,0.0,6.6,9.0,0.7,0.7,24.0,73.0,0:00,22.77777778,2009
1431,B,2009-06-23,0.0,0.8,8.5,0.2,0.2,27.0,73.0,0:00,22.77777778,2009
1503,Bay,2009-07-07,2.0,5.3,9.0,0.8,0.8,25.0,75.0,0:00,23.88888889,2009
1456,C,2009-07-07,0.0,4.2,6.5,0.35,0.35,26.0,75.0,0:00,23.88888889,2009
1479,D,2009-07-07,0.0,4.0,6.5,1.6,1.7,26.0,75.0,0:00,23.88888889,2009
1433,B,2009-07-21,0.0,1.8,7.0,0.5,0.5,25.0,72.0,0:00,22.22222222,2009
1409,A,2009-07-21,0.0,3.2,6.5,0.45,0.45,27.0,72.0,0:00,22.22222222,2009
1504,Bay,2009-07-21,1.0,3.1,8.5,0.65,0.65,25.0,72.0,0:00,22.22222222,2009
1505,Bay,2009-08-04,0.0,3.3,8.5,0.8,0.8,28.0,80.0,0:00,26.66666667,2009
1411,A,2009-08-20,0.0,3.5,6.5,0.5,0.5,29.0,80.0,0:00,26.66666667,2009
1506,Bay,2009-08-20,0.0,3.0,7.5,0.8,0.8,27.0,80.0,0:00,26.66666667,2009
1435,B,2009-08-20,0.0,4.3,7.5,0.4,0.4,29.0,81.0,0:00,27.22222222,2009
1507,Bay,2009-09-01,2.0,2.7,7.0,0.6,0.6,22.0,70.0,0:00,21.11111111,2009
1460,C,2009-09-01,0.0,4.6,7.5,0.6,0.6,22.0,70.0,0:00,21.11111111,2009
1483,D,2009-09-01,1.0,7.7,6.0,0.5,1.5,21.0,70.0,0:00,21.11111111,2009
1508,Bay,2009-09-17,2.0,4.1,7.0,0.8,0.8,24.0,70.0,0:00,21.11111111,2009
1437,B,2009-09-17,0.0,1.1,6.5,0.1,0.6,24.0,78.0,0:00,25.55555556,2009
1413,A,2009-09-17,0.0,1.9,6.5,0.3,0.6,24.0,70.0,0:00,21.11111111,2009
1485,D,2009-10-01,0.0,3.8,6.0,1.6,1.7,20.0,69.0,0:00,20.55555556,2009
1509,Bay,2009-10-01,1.0,6.9,7.0,0.8,0.8,20.0,69.0,0:00,20.55555556,2009
1461,C,2009-10-01,0.0,4.2,7.0,0.3,0.3,21.0,69.0,0:00,20.55555556,2009
1415,A,2009-10-20,0.0,6.3,6.5,0.5,0.5,14.0,42.0,0:00,5.555555556,2009
1510,Bay,2009-10-20,0.0,2.3,7.0,0.4,0.4,12.0,56.0,0:00,13.33333333,2009
1439,B,2009-10-20,0.0,6.8,7.0,0.5,0.5,13.0,58.0,0:00,14.44444444,2009
1511,Bay,2009-11-05,0.0,7.6,6.5,0.8,0.8,16.0,60.0,0:00,15.55555556,2009
1488,D,2009-11-20,0.0,6.0,6.0,0.8,1.6,15.0,58.0,0:00,14.44444444,2009
1464,C,2009-11-20,0.0,5.3,6.5,0.5,0.5,16.0,58.0,0:00,14.44444444,2009
1512,Bay,2009-11-20,2.0,7.2,7.0,0.7,0.9,16.0,58.0,0:00,14.44444444,2009
1513,Bay,2009-12-01,0.0,7.8,6.5,0.82,0.88,10.0,46.0,0:00,7.777777778,2009
1418,A,2009-12-01,0.0,6.4,6.5,0.7,0.7,12.0,46.0,0:00,7.777777778,2009
1442,B,2009-12-01,0.0,5.3,7.0,0.58,0.58,10.0,47.0,0:00,8.333333333,2009
1490,D,2009-12-15,2.0,7.2,5.5,1.3,1.65,10.0,51.0,0:00,10.55555556,2009
1466,C,2009-12-15,2.0,6.3,6.5,0.67,0.67,11.0,51.0,0:00,10.55555556,2009
1583,D,2010-03-05,0.0,8.7,6.5,1.2,1.5,6.0,40.0,0:00,4.444444444,2010
1562,C,2010-03-05,0.0,9.5,6.5,0.6,0.6,7.0,40.0,0:00,4.444444444,2010
1605,Bay,2010-03-05,0.0,7.7,6.5,0.2,0.4,10.0,40.0,0:00,4.444444444,2010
1606,Bay,2010-03-16,0.0,7.9,6.5,0.3,0.8,10.0,44.0,0:00,6.666666667,2010
1541,B,2010-03-16,0.0,8.1,7.0,0.55,0.6,11.0,44.0,0:00,6.666666667,2010
1519,A,2010-03-16,0.0,5.7,6.0,0.5,0.7,12.0,44.0,0:00,6.666666667,2010
1607,Bay,2010-04-06,1.0,5.9,6.5,0.8,1.0,20.0,72.0,0:00,22.22222222,2010
1564,C,2010-04-06,0.0,5.1,6.5,0.5,0.5,22.0,72.0,0:00,22.22222222,2010
1585,D,2010-04-06,0.0,6.3,6.0,0.7,1.7,22.0,72.0,0:00,22.22222222,2010
1543,B,2010-04-23,0.0,4.0,6.5,0.4,0.4,16.0,60.0,0:00,15.55555556,2010
1521,A,2010-04-23,0.0,4.0,6.5,0.5,0.6,18.0,59.0,0:00,15.0,2010
1608,Bay,2010-04-23,1.0,6.7,6.5,0.6,0.6,16.0,58.0,0:00,14.44444444,2010
1587,D,2010-05-06,0.0,5.0,6.5,0.8,1.5,25.0,76.0,0:00,24.44444444,2010
1566,C,2010-05-06,0.0,4.9,6.5,0.3,0.3,24.0,76.0,0:00,24.44444444,2010
1609,Bay,2010-05-06,0.0,6.5,7.0,0.75,0.9,23.0,76.0,0:00,24.44444444,2010
1610,Bay,2010-05-19,0.0,7.0,6.5,0.5,0.6,17.0,59.0,0:00,15.0,2010
1545,B,2010-05-19,0.0,5.2,7.5,0.4,0.4,16.0,59.0,0:00,15.0,2010
1523,A,2010-05-19,0.0,4.6,6.5,0.6,0.7,20.0,59.0,0:00,15.0,2010
1568,C,2010-06-01,0.0,5.1,7.0,0.3,0.3,25.0,77.0,0:00,25.0,2010
1589,D,2010-06-01,0.0,5.2,6.0,0.7,1.5,25.0,77.0,0:00,25.0,2010
1611,Bay,2010-06-01,0.0,6.8,7.0,0.7,0.9,25.0,77.0,0:00,25.0,2010
1525,A,2010-06-15,0.0,4.5,6.5,0.5,0.5,29.0,81.0,0:00,27.22222222,2010
1547,B,2010-06-15,0.0,4.2,7.0,0.2,0.2,28.0,81.0,0:00,27.22222222,2010
1612,Bay,2010-06-15,0.0,5.4,7.0,0.5,0.5,28.0,80.0,0:00,26.66666667,2010
1570,C,2010-07-08,0.0,5.2,7.5,0.4,0.4,30.0,82.0,0:00,27.77777778,2010
1591,D,2010-07-08,0.0,5.2,6.5,0.7,1.2,31.0,81.0,0:00,27.22222222,2010
1613,Bay,2010-07-08,0.0,3.6,8.5,0.4,0.45,29.0,81.0,0:00,27.22222222,2010
1527,A,2010-07-20,0.0,4.1,6.5,0.5,0.9,28.0,84.0,0:00,28.88888889,2010
1614,Bay,2010-07-20,0.0,3.9,7.0,0.7,1.0,27.0,82.0,0:00,27.77777778,2010
1549,B,2010-07-20,0.0,3.7,7.0,0.4,0.4,29.0,84.0,0:00,28.88888889,2010
1593,D,2010-08-03,0.0,6.0,6.5,0.8,1.2,28.0,82.0,0:00,27.77777778,2010
1572,C,2010-08-03,0.0,4.5,6.5,0.4,0.4,28.0,83.0,0:00,28.33333333,2010
1615,Bay,2010-08-03,0.0,5.1,7.0,0.5,0.5,26.0,82.0,0:00,27.77777778,2010
1616,Bay,2010-08-17,0.0,3.1,8.0,0.5,0.9,27.0,86.0,0:00,30.0,2010
1529,A,2010-08-17,0.0,4.2,6.5,0.8,0.9,28.0,86.0,0:00,30.0,2010
1617,Bay,2010-09-02,0.0,3.3,7.0,0.5,0.7,26.0,76.0,0:00,24.44444444,2010
1574,C,2010-09-02,0.0,2.3,7.0,0.6,0.6,27.0,76.0,0:00,24.44444444,2010
1595,D,2010-09-02,0.0,2.7,6.5,0.85,1.2,26.0,76.0,0:00,24.44444444,2010
1531,A,2010-09-22,0.0,4.0,7.5,0.5,0.8,26.0,75.0,0:00,23.88888889,2010
1618,Bay,2010-09-22,0.0,5.0,8.5,0.6,0.8,26.0,74.0,0:00,23.33333333,2010
1553,B,2010-09-22,0.0,3.2,9.0,0.2,0.35,26.0,75.0,0:00,23.88888889,2010
1597,D,2010-10-14,0.0,5.9,6.5,0.8,1.3,19.0,68.0,0:00,20.0,2010
1598,D,2010-11-02,0.0,7.2,6.5,1.0,1.4,13.0,55.0,0:00,12.77777778,2010
1620,Bay,2010-11-02,0.0,5.0,7.5,0.4,0.4,12.0,55.0,0:00,12.77777778,2010
1576,C,2010-11-02,0.0,7.3,7.5,0.5,0.5,13.0,55.0,0:00,12.77777778,2010
1621,Bay,2010-11-16,0.0,6.7,8.0,0.5,0.8,15.0,60.0,0:00,15.55555556,2010
1556,B,2010-11-16,0.0,4.3,8.5,0.2,0.2,16.0,60.0,0:00,15.55555556,2010
1534,A,2010-11-16,0.0,8.2,6.5,0.9,0.9,14.0,60.0,0:00,15.55555556,2010
1622,Bay,2010-12-07,0.0,5.7,7.0,0.3,0.5,4.0,30.0,0:00,-1.111111111,2010
1600,D,2010-12-07,0.0,10.3,6.0,1.1,1.1,2.0,30.0,0:00,-1.111111111,2010
1578,C,2010-12-07,0.0,8.8,7.0,0.5,0.5,2.0,30.0,0:00,-1.111111111,2010
1558,B,2010-12-21,0.0,4.3,7.0,0.4,0.4,3.0,31.0,0:00,-0.555555556,2010
1699,Bay,2011-01-04,0.0,3.1,6.5,0.2,0.45,5.0,31.0,0:00,-0.555555556,2011
1646,B,2011-01-04,0.0,7.2,6.5,0.4,0.4,5.0,32.0,0:00,0.0,2011
1678,D,2011-01-18,0.0,10.0,6.5,1.4,1.4,6.0,39.0,0:00,3.888888889,2011
1669,C,2011-01-18,0.0,5.1,6.5,0.6,0.8,5.0,40.0,0:00,4.444444444,2011
1700,Bay,2011-01-18,0.0,6.2,7.0,0.2,0.6,7.0,39.0,0:00,3.888888889,2011
1701,Bay,2011-02-08,0.0,3.8,6.5,0.2,0.6,8.0,46.0,0:00,7.777777778,2011
1703,Bay,2011-03-24,0.0,3.3,7.0,0.2,0.55,33.0,52.0,0:00,11.11111111,2011
1628,A,2011-03-24,0.0,3.0,6.5,0.4,1.0,14.0,48.0,0:00,8.888888889,2011
1650,B,2011-03-24,0.0,3.9,7.0,0.5,0.5,14.0,48.0,0:00,8.888888889,2011
1682,D,2011-04-14,0.0,6.9,6.5,0.9,1.4,19.0,58.0,0:00,14.44444444,2011
1673,C,2011-04-14,0.0,5.6,8.0,0.3,0.3,19.0,58.0,0:00,14.44444444,2011
1704,Bay,2011-04-14,0.0,3.5,7.0,0.4,0.6,16.5,58.0,0:00,14.44444444,2011
1705,Bay,2011-04-28,0.0,5.2,7.0,0.3,1.3,23.0,76.0,0:00,24.44444444,2011
1630,A,2011-04-28,0.0,4.0,6.5,0.3,0.3,24.0,76.0,0:00,24.44444444,2011
1674,C,2011-04-28,0.0,3.6,7.0,0.17,0.17,23.0,76.0,0:00,24.44444444,2011
1707,Bay,2011-05-26,0.0,3.7,7.5,0.5,0.9,25.0,79.0,0:00,26.11111111,2011
1632,A,2011-05-26,0.0,2.4,7.5,0.7,0.8,28.0,79.0,0:00,26.11111111,2011
1686,D,2011-06-09,0.0,4.8,7.0,0.6,1.2,29.0,85.0,0:00,29.44444444,2011
1708,Bay,2011-06-09,0.0,3.2,8.0,0.4,0.8,27.0,85.0,0:00,29.44444444,2011
1709,Bay,2011-06-23,0.0,5.6,8.0,0.5,0.9,26.0,80.0,0:00,26.66666667,2011
1634,A,2011-06-23,0.0,5.7,7.5,0.5,0.8,27.0,87.0,0:00,30.55555556,2011
1656,B,2011-06-23,0.0,5.8,8.0,0.3,0.3,27.0,89.0,0:00,31.66666667,2011
1710,Bay,2011-07-14,0.0,3.0,8.5,0.4,0.6,26.0,75.0,0:00,23.88888889,2011
1688,D,2011-07-14,0.0,5.6,6.5,0.8,1.1,27.0,76.0,0:00,24.44444444,2011
1658,B,2011-07-28,0.0,2.4,7.0,0.4,0.4,30.0,85.0,0:00,29.44444444,2011
1636,A,2011-07-28,0.0,3.2,7.5,0.8,0.8,31.0,87.0,0:00,30.55555556,2011
1711,Bay,2011-07-28,0.0,2.0,9.0,0.5,0.7,29.0,85.0,0:00,29.44444444,2011
1712,Bay,2011-08-11,0.0,3.5,9.0,0.4,0.7,28.0,82.0,0:00,27.77777778,2011
1638,A,2011-09-08,0.0,5.0,6.5,0.5,0.8,27.0,78.0,0:00,25.55555556,2011
1713,Bay,2011-09-08,0.0,5.0,7.0,0.6,1.1,26.0,78.0,0:00,25.55555556,2011
1692,D,2011-09-22,0.0,4.6,6.5,0.6,1.4,25.0,78.0,0:00,25.55555556,2011
1714,Bay,2011-09-22,0.0,5.3,8.0,0.5,0.7,24.0,78.0,0:00,25.55555556,2011
1715,Bay,2011-10-13,0.0,4.2,7.5,0.5,0.7,21.0,75.0,0:00,23.88888889,2011
1662,B,2011-10-13,0.0,3.0,7.0,0.05,0.05,22.0,75.0,0:00,23.88888889,2011
1640,A,2011-10-13,0.0,4.0,6.5,0.7,0.8,22.0,75.0,0:00,23.88888889,2011
1716,Bay,2011-10-27,0.0,7.4,7.5,0.5,0.9,16.0,62.0,0:00,16.66666667,2011
1717,Bay,2011-11-10,0.0,5.2,7.5,0.7,0.7,16.0,60.0,0:00,15.55555556,2011
1664,B,2011-11-10,0.0,7.9,7.5,0.2,0.2,19.0,60.0,0:00,15.55555556,2011
1718,Bay,2011-11-22,0.0,7.3,7.0,0.2,0.6,16.0,61.0,0:00,16.11111111,2011
1666,B,2011-12-08,0.0,5.0,7.0,0.1,0.4,13.0,47.0,0:00,8.333333333,2011
1719,Bay,2011-12-08,0.0,7.9,7.0,0.35,0.7,12.0,47.0,0:00,8.333333333,2011
1644,A,2011-12-08,0.0,8.0,7.0,0.8,0.9,12.0,47.0,0:00,8.333333333,2011
1698,D,2011-12-22,0.0,9.8,7.0,1.0,1.4,16.0,60.0,0:00,15.55555556,2011
1720,Bay,2011-12-22,0.0,7.8,7.0,0.3,0.7,17.0,60.0,0:00,15.55555556,2011
1721,A,2012-01-11,0.0,8.2,6.5,0.9,0.9,12.0,53.0,0:00,11.66666667,2012
1743,B,2012-01-11,0.0,6.0,7.0,0.3,0.3,11.0,54.0,0:00,12.22222222,2012
1787,Bay,2012-01-11,0.0,6.9,7.5,0.2,0.7,12.0,54.0,0:00,12.22222222,2012
1766,D,2012-01-26,0.0,7.2,6.5,1.2,1.4,11.0,50.0,0:00,10.0,2012
1788,Bay,2012-01-26,0.0,6.5,7.0,0.2,0.8,11.0,50.0,0:00,10.0,2012
1789,Bay,2012-02-09,0.0,5.3,7.5,0.2,0.3,8.0,39.0,0:00,3.888888889,2012
1745,B,2012-02-09,0.0,7.5,7.0,0.3,0.3,8.0,39.0,0:00,3.888888889,2012
1723,A,2012-02-09,0.0,5.8,7.0,1.0,1.0,8.0,39.0,0:00,3.888888889,2012
1790,Bay,2012-02-21,0.0,6.2,7.0,0.2,0.2,8.0,46.0,0:00,7.777777778,2012
1768,D,2012-02-21,0.0,10.0,6.5,1.0,1.5,8.0,46.0,0:00,7.777777778,2012
1747,B,2012-03-01,0.0,6.3,7.5,0.2,0.4,16.0,69.0,0:00,20.55555556,2012
1770,D,2012-03-08,0.0,9.5,6.5,1.2,1.5,14.0,58.0,0:00,14.44444444,2012
1792,Bay,2012-03-08,0.0,7.2,7.0,0.4,0.6,13.0,58.0,0:00,14.44444444,2012
1793,Bay,2012-04-12,0.0,6.5,8.0,0.4,0.6,11.0,51.0,0:00,10.55555556,2012
1749,B,2012-04-12,0.0,7.0,7.5,0.3,0.3,13.0,51.0,0:00,10.55555556,2012
1727,A,2012-04-12,0.0,7.0,7.0,0.6,0.7,14.0,51.0,0:00,10.55555556,2012
1772,D,2012-04-26,0.0,7.4,6.5,0.8,1.4,17.0,63.0,0:00,17.22222222,2012
1794,Bay,2012-04-26,0.0,7.1,7.5,0.4,0.8,17.0,63.0,0:00,17.22222222,2012
1729,A,2012-05-10,0.0,4.5,7.0,0.7,0.9,21.0,63.0,0:00,17.22222222,2012
1795,Bay,2012-05-10,0.0,5.3,8.0,0.4,0.7,19.0,63.0,0:00,17.22222222,2012
1751,B,2012-05-10,0.0,6.7,7.0,0.5,0.5,20.0,64.0,0:00,17.77777778,2012
1774,D,2012-05-24,0.0,6.1,6.5,0.9,1.5,25.0,72.0,0:00,22.22222222,2012
1796,Bay,2012-05-24,0.0,6.1,8.5,0.5,0.8,24.0,72.0,0:00,22.22222222,2012
1753,B,2012-06-14,0.0,4.5,7.5,0.2,0.2,22.0,70.0,0:00,21.11111111,2012
1731,A,2012-06-14,0.0,4.9,7.0,0.6,0.7,22.0,69.0,0:00,20.55555556,2012
1797,Bay,2012-06-14,0.0,3.9,8.5,0.5,0.7,22.0,69.0,0:00,20.55555556,2012
1776,D,2012-06-28,0.0,5.0,6.5,0.6,1.3,27.0,73.0,0:00,22.77777778,2012
1799,Bay,2012-07-19,0.0,5.9,8.5,0.5,0.9,28.0,82.0,0:00,27.77777778,2012
1777,D,2012-07-19,0.0,4.2,7.0,0.8,1.4,30.0,82.0,0:00,27.77777778,2012
1734,A,2012-08-09,0.0,3.0,7.0,0.5,0.9,28.0,80.0,0:00,26.66666667,2012
1756,B,2012-08-09,0.0,2.9,7.5,0.3,0.4,27.0,80.0,0:00,26.66666667,2012
1779,D,2012-08-23,0.0,5.5,6.5,0.7,1.4,26.0,76.0,0:00,24.44444444,2012
1801,Bay,2012-08-23,0.0,6.1,8.0,0.5,0.7,25.0,77.0,0:00,25.0,2012
1736,A,2012-09-04,0.0,4.3,6.5,0.7,0.7,28.0,80.0,0:00,26.66666667,2012
1802,Bay,2012-09-04,0.0,3.7,7.0,0.3,0.8,25.0,85.0,0:00,29.44444444,2012
1782,D,2012-10-04,0.0,5.8,6.5,0.9,1.2,24.0,75.0,0:00,23.88888889,2012
1804,Bay,2012-10-04,0.0,4.8,8.0,0.5,0.7,24.0,75.0,0:00,23.88888889,2012
1783,D,2012-10-19,0.0,5.5,7.5,0.6,0.8,22.0,70.0,0:00,21.11111111,2012
1761,B,2012-10-19,0.0,7.1,7.0,0.4,0.4,20.0,70.0,0:00,21.11111111,2012
1806,Bay,2012-11-08,0.0,7.6,7.0,0.2,0.2,10.0,45.0,0:00,7.222222222,2012
1784,D,2012-11-08,0.0,8.6,6.0,0.5,1.5,9.0,45.0,0:00,7.222222222,2012
1807,Bay,2012-11-29,0.0,8.9,7.0,0.1,0.5,7.0,48.0,0:00,8.888888889,2012
1763,B,2012-11-29,0.0,9.7,7.0,0.4,0.4,9.0,49.0,0:00,9.444444444,2012
1741,A,2012-11-29,0.0,9.0,6.5,0.2,0.2,8.0,48.0,0:00,8.888888889,2012
1786,D,2012-12-13,0.0,8.8,6.5,0.9,1.6,9.0,48.0,0:00,8.888888889,2012
1808,Bay,2012-12-13,0.0,8.4,7.0,0.2,0.3,9.0,48.0,0:00,8.888888889,2012
1877,Bay,2013-01-10,0.0,8.5,7.0,0.4,0.5,9.0,48.0,0:00,8.888888889,2013
1809,A,2013-01-10,0.0,6.9,6.5,0.8,0.9,8.0,48.0,0:00,8.888888889,2013
1878,Bay,2013-01-24,0.0,8.7,7.0,0.1,0.4,3.0,32.0,0:00,0.0,2013
1879,Bay,2013-02-14,0.0,7.7,7.0,0.7,2.5,9.0,45.0,0:00,7.222222222,2013
1857,D,2013-02-28,0.0,9.8,6.5,1.5,1.5,9.0,48.0,0:00,8.888888889,2013
1880,Bay,2013-02-28,0.0,8.5,7.0,0.2,0.7,10.0,48.0,0:00,8.888888889,2013
1882,Bay,2013-03-28,0.0,10.0,7.0,0.2,0.3,8.0,48.0,0:00,8.888888889,2013
1859,D,2013-03-28,0.0,10.0,6.5,1.4,1.6,8.0,48.0,0:00,8.888888889,2013
1837,B,2013-04-11,0.0,5.8,7.5,0.4,0.4,20.0,68.0,0:00,20.0,2013
1883,Bay,2013-04-11,0.0,8.0,7.0,0.3,0.9,20.0,64.0,0:00,17.77777778,2013
1815,A,2013-04-11,0.0,5.9,6.0,0.4,0.9,21.0,67.0,0:00,19.44444444,2013
1884,Bay,2013-04-26,0.0,8.9,7.0,0.2,0.2,14.0,54.0,0:00,12.22222222,2013
1861,D,2013-04-26,0.0,8.6,6.5,0.3,1.5,15.0,54.0,0:00,12.22222222,2013
1817,A,2013-05-08,0.0,5.6,7.0,0.5,0.6,22.0,70.0,0:00,21.11111111,2013
1885,Bay,2013-05-08,0.0,8.2,7.0,0.3,0.7,19.0,67.0,0:00,19.44444444,2013
1839,B,2013-05-08,0.0,4.2,8.0,0.2,0.2,22.0,68.0,0:00,20.0,2013
1863,D,2013-05-25,0.0,5.5,6.0,0.5,1.5,24.0,72.0,0:00,22.22222222,2013
1886,Bay,2013-05-25,0.0,6.1,7.5,0.4,0.9,24.0,72.0,0:00,22.22222222,2013
1887,Bay,2013-06-13,0.0,6.9,7.5,0.5,0.7,26.0,81.0,0:00,27.22222222,2013
1841,B,2013-06-13,0.0,5.4,8.0,0.2,0.2,29.0,83.0,0:00,28.33333333,2013
1819,A,2013-06-13,0.0,6.1,7.5,0.7,0.7,29.0,83.0,0:00,28.33333333,2013
1888,Bay,2013-06-25,0.0,6.7,7.5,0.4,0.9,26.0,78.0,0:00,25.55555556,2013
1889,Bay,2013-07-11,0.0,6.8,7.5,0.5,0.9,26.0,81.0,0:00,27.22222222,2013
1821,A,2013-07-11,0.0,4.1,7.0,0.7,0.9,26.0,81.0,0:00,27.22222222,2013
1890,Bay,2013-07-25,0.0,5.9,8.0,0.5,0.8,26.0,72.0,0:00,22.22222222,2013
1867,D,2013-07-25,0.0,3.8,6.5,0.7,1.8,27.0,72.0,0:00,22.22222222,2013
1823,A,2013-08-08,0.0,5.3,6.0,0.1,0.7,28.0,80.0,0:00,26.66666667,2013
1891,Bay,2013-08-08,0.0,6.8,8.5,0.5,0.8,24.0,79.0,0:00,26.11111111,2013
1845,B,2013-08-08,0.0,6.4,8.0,0.3,0.3,27.0,80.0,0:00,26.66666667,2013
1868,D,2013-08-08,0.0,6.8,7.0,0.9,1.3,26.0,79.0,0:00,26.11111111,2013
1892,Bay,2013-08-22,0.0,6.0,8.5,0.5,0.7,26.0,78.0,0:00,25.55555556,2013
1869,D,2013-08-22,0.0,4.2,6.5,1.1,1.5,27.0,78.0,0:00,25.55555556,2013
1825,A,2013-09-12,0.0,4.8,7.0,0.6,0.6,26.0,75.0,0:00,23.88888889,2013
1894,Bay,2013-09-26,0.0,6.1,8.5,0.3,0.4,19.0,69.0,0:00,20.55555556,2013
1871,D,2013-09-26,0.0,6.1,6.7,0.9,1.1,20.0,69.0,0:00,20.55555556,2013
1895,Bay,2013-10-22,0.0,7.9,7.0,0.7,0.8,16.0,58.0,0:00,14.44444444,2013
1872,D,2013-10-22,0.0,7.0,6.5,1.0,1.2,17.0,58.0,0:00,14.44444444,2013
1896,Bay,2013-11-12,0.0,9.8,7.5,0.4,0.6,11.0,54.0,0:00,12.22222222,2013
1828,A,2013-11-12,0.0,7.0,7.0,0.5,0.7,13.0,54.0,0:00,12.22222222,2013
1897,Bay,2013-11-19,0.0,7.1,7.0,0.3,0.5,12.0,52.0,0:00,11.11111111,2013
1874,D,2013-11-19,0.0,9.6,6.5,1.2,1.2,12.0,52.0,0:00,11.11111111,2013
1898,Bay,2013-12-04,0.0,7.0,7.5,0.2,0.5,11.0,50.0,0:00,10.0,2013
1852,B,2013-12-04,0.0,5.0,7.0,0.2,0.2,11.0,51.0,0:00,10.55555556,2013
1876,D,2013-12-11,0.0,8.65,6.5,0.8,0.8,8.0,38.0,0:00,3.333333333,2013
1899,Bay,2013-12-11,0.0,8.35,7.0,0.2,0.5,8.0,38.0,0:00,3.333333333,2013
1902,D,2014-01-03,0.0,7.9,6.5,1.1,1.2,5.0,26.0,10:45,-3.333333333,2014
1903,Bay,2014-01-03,0.0,7.3,7.0,0.1,0.4,5.0,26.0,10:15,-3.333333333,2014
1904,A,2014-01-14,0.0,6.8,6.5,0.5,0.5,11.0,53.0,10:20,11.66666667,2014
1907,Bay,2014-01-14,0.0,8.7,7.0,0.4,0.6,11.0,53.0,9:45,11.66666667,2014
1911,Bay,2014-02-11,0.0,8.8,7.0,0.2,0.2,3.0,29.0,9:30,-1.666666667,2014
1915,Bay,2014-02-25,0.0,6.9,7.0,0.3,0.5,9.0,41.0,9:30,5.0,2014
1912,A,2014-02-25,0.0,6.0,6.5,0.3,0.5,9.0,41.0,10:30,5.0,2014
1913,B,2014-02-25,0.0,8.1,7.0,0.3,0.3,8.0,41.0,11:00,5.0,2014
1916,Bay,2014-03-12,0.0,8.2,7.5,0.2,0.5,14.0,57.0,9:45,13.88888889,2014
1917,D,2014-03-12,0.0,8.2,6.0,1.2,1.4,14.0,54.0,10:45,12.22222222,2014
1920,Bay,2014-03-27,0.0,10.0,7.0,0.2,0.3,4.0,40.0,9:45,4.444444444,2014
1926,D,2014-04-10,0.0,8.2,6.5,0.9,1.6,16.0,53.0,10:15,11.66666667,2014
1931,D,2014-05-07,0.0,6.6,6.5,0.5,1.5,19.0,60.0,10:15,15.55555556,2014
1928,Bay,2014-05-07,0.0,6.8,7.0,0.5,0.9,18.0,60.0,9:45,15.55555556,2014
1932,Bay,2014-05-20,0.0,7.3,7.5,0.4,0.5,18.0,67.0,9:50,19.44444444,2014
1933,A,2014-05-20,0.0,3.0,6.5,0.2,0.3,21.0,67.0,10:25,19.44444444,2014
1934,B,2014-05-20,0.0,3.86,7.5,0.5,0.5,20.0,68.0,10:50,20.0,2014
1936,Bay,2014-06-10,0.0,5.4,7.0,0.4,0.8,15.0,72.0,9:45,22.22222222,2014
1937,A,2014-06-10,0.0,0.0,7.0,0.5,0.7,27.0,74.0,11:00,23.33333333,2014
1938,B,2014-06-10,0.0,0.0,8.0,0.3,0.3,27.0,23.0,10:50,-5.0,2014
1939,C,2014-06-10,0.0,4.3,7.0,0.8,1.3,27.0,23.0,10:35,-5.0,2014
1943,Bay,2014-06-24,0.0,4.2,8.0,0.4,0.6,24.0,78.0,9:45,25.55555556,2014
1940,A,2014-06-24,0.0,4.0,7.0,0.6,0.6,25.0,78.0,10:30,25.55555556,2014
1941,B,2014-06-24,0.0,6.0,7.0,0.1,0.1,27.0,78.0,10:50,25.55555556,2014
1946,D,2014-07-08,0.0,5.8,6.5,1.0,1.3,28.0,83.0,10:15,28.33333333,2014
1947,Bay,2014-07-08,0.0,4.2,7.5,0.5,0.8,25.0,83.0,9:45,28.33333333,2014
1951,D,2014-07-22,0.0,5.3,7.0,0.8,1.3,27.0,80.0,10:05,26.66666667,2014
1948,Bay,2014-07-22,0.0,3.7,7.5,0.4,0.6,26.0,80.0,9:35,26.66666667,2014
1955,B,2014-08-12,0.0,2.4,6.5,0.5,0.8,26.0,80.0,10:25,26.66666667,2014
1954,A,2014-08-12,0.0,3.0,8.0,0.1,0.1,26.0,80.0,10:45,26.66666667,2014
1952,Bay,2014-08-12,0.0,3.9,8.0,4.5,7.5,25.0,79.0,9:40,26.11111111,2014
1958,Bay,2014-08-28,0.0,3.9,8.5,0.35,0.45,24.0,78.0,9:45,25.55555556,2014
1957,D,2014-08-28,0.0,5.3,6.5,1.0,1.5,25.0,78.0,10:15,25.55555556,2014
1962,Bay,2014-09-10,0.0,2.7,7.5,0.5,0.8,24.0,75.0,9:35,23.88888889,2014
1959,A,2014-09-10,0.0,4.6,6.5,0.4,0.4,24.0,75.0,10:45,23.88888889,2014
1960,B,2014-09-10,0.0,3.7,6.5,0.2,0.2,25.0,75.0,10:30,23.88888889,2014
1963,Bay,2014-09-23,0.0,7.0,8.0,0.4,0.6,20.0,63.0,9:40,17.22222222,2014
1967,A,2014-10-07,0.0,6.4,7.0,0.3,0.3,20.0,67.0,11:00,19.44444444,2014
1968,B,2014-10-07,0.0,5.9,7.0,0.1,0.1,17.0,67.0,10:15,19.44444444,2014
1973,D,2014-10-21,0.0,7.6,6.0,1.3,1.3,18.0,68.0,10:15,20.0,2014
1974,Bay,2014-10-21,0.0,6.5,7.5,0.4,0.7,16.5,68.0,9:45,20.0,2014
1975,Bay,2014-11-13,0.0,7.0,7.0,0.3,0.4,13.0,51.0,9:45,10.55555556,2014
1976,A,2014-11-13,0.0,7.2,6.5,0.3,0.3,14.0,51.0,10:45,10.55555556,2014
1977,B,2014-11-13,0.0,6.2,7.5,0.15,0.15,13.0,51.0,11:15,10.55555556,2014
1982,D,2014-12-02,0.0,9.7,6.0,1.2,1.2,10.0,48.0,10:05,8.888888889,2014
1979,Bay,2014-12-02,0.0,9.8,7.0,0.4,0.6,11.0,48.0,9:30,8.888888889,2014
1983,Bay,2014-12-19,0.0,7.6,9.0,0.5,0.5,11.0,42.0,9:45,5.555555556,2014
1984,A,2014-12-19,0.0,7.3,7.0,0.6,1.0,7.0,42.0,11:00,5.555555556,2014
1985,B,2014-12-19,0.0,6.3,6.5,0.15,0.15,7.0,42.0,10:00,5.555555556,2014
1990,D,2015-01-06,0.0,9.0,6.5,1.3,1.5,9.0,38.0,10:30,3.333333333,2015
1987,Bay,2015-01-06,0.0,8.9,7.0,0.4,0.6,9.0,38.0,9:45,3.333333333,2015
1991,Bay,2015-01-20,0.0,8.3,7.0,0.2,0.6,7.0,44.0,9:45,6.666666667,2015
1994,D,2015-01-20,0.0,9.0,6.5,1.0,1.4,8.0,45.0,10:10,7.222222222,2015
1996,A,2015-02-03,0.0,9.7,6.5,0.4,0.5,3.0,32.0,10:30,0.0,2015
1997,B,2015-02-03,0.0,7.6,6.5,0.3,0.3,3.0,35.0,10:57,1.666666667,2015
2002,Bay,2015-02-24,0.0,9.2,7.0,0.2,0.2,3.0,25.0,9:45,-3.888888889,2015
2001,D,2015-02-24,0.0,10.0,6.5,0.1,0.15,0.0,25.0,10:20,-3.888888889,2015
2011,Bay,2015-03-24,0.0,10.0,7.0,0.3,0.3,9.0,40.0,9:50,4.444444444,2015
2012,B,2015-03-24,0.0,10.0,7.0,0.4,0.5,9.0,41.0,11:15,5.0,2015
2013,A,2015-03-24,0.0,7.8,7.0,0.3,0.3,10.0,41.0,10:40,5.0,2015
2006,Bay,2015-04-07,0.0,8.2,7.0,0.2,0.6,15.0,64.0,9:45,17.77777778,2015
2007,D,2015-04-07,0.0,7.4,6.5,0.9,1.3,16.0,64.0,10:10,17.77777778,2015
2003,Bay,2015-04-21,0.0,7.1,7.0,0.3,0.9,20.0,65.0,9:20,18.33333333,2015
2005,A,2015-04-21,0.0,4.0,6.5,0.3,0.4,19.0,65.0,10:45,18.33333333,2015
2016,D,2015-05-07,0.0,7.7,7.0,1.1,1.3,20.0,65.0,10:15,18.33333333,2015
2015,Bay,2015-05-07,0.0,6.3,7.5,0.3,0.6,20.0,65.0,9:45,18.33333333,2015
2019,Bay,2015-06-01,0.0,4.3,7.5,0.4,0.9,25.0,74.0,9:30,23.33333333,2015
2020,D,2015-06-01,0.0,5.8,7.0,0.2,0.9,27.0,75.0,9:55,23.88888889,2015
2023,Bay,2015-06-11,0.0,5.0,8.5,0.4,0.8,26.0,78.0,9:45,25.55555556,2015
2024,B,2015-06-11,0.0,4.0,8.0,0.5,0.5,27.0,83.0,10:18,28.33333333,2015
2025,A,2015-06-11,0.0,5.1,8.0,0.5,0.6,28.0,84.0,10:50,28.88888889,2015
2030,Bay,2015-07-23,0.0,7.0,9.0,0.5,0.8,27.0,81.0,9:35,27.22222222,2015
2028,B,2015-07-23,0.0,7.0,7.5,0.3,0.3,31.0,82.0,10:35,27.77777778,2015
2029,A,2015-07-23,0.0,6.0,7.5,0.4,0.4,30.0,82.0,10:10,27.77777778,2015
2340,D,2015-08-13,0.0,6.1,6.0,0.9,1.1,27.0,82.0,10:10,27.77777778,2015
2344,Bay,2015-08-13,0.0,6.3,9.0,0.4,0.4,26.0,82.0,9:45,27.77777778,2015
2345,Bay,2015-08-27,0.0,5.0,8.5,0.4,0.7,23.0,79.0,9:45,26.11111111,2015
2337,B,2015-08-27,0.0,3.2,8.5,0.2,0.2,23.0,79.0,10:20,26.11111111,2015
2333,A,2015-08-27,0.0,5.7,7.0,0.2,0.4,25.0,79.0,10:40,26.11111111,2015
2334,A,2015-09-09,0.0,10.0,7.5,0.2,0.2,29.0,83.0,10:20,28.33333333,2015
2032,Bay,2015-09-09,0.0,2.9,9.0,0.05,0.05,26.0,81.0,9:38,27.22222222,2015
2342,D,2015-09-09,0.0,4.8,7.0,0.6,0.9,28.0,82.0,10:00,27.77777778,2015
2031,Bay,2015-09-22,0.0,4.5,8.0,0.3,0.3,23.0,73.0,9:30,22.77777778,2015
2339,B,2015-09-22,0.0,2.3,8.0,0.3,0.3,24.0,73.0,10:30,22.77777778,2015
2033,Bay,2015-10-07,0.0,5.5,7.0,0.3,0.5,18.0,65.0,9:45,18.33333333,2015
2037,A,2015-10-13,0.0,6.7,7.0,0.4,0.4,15.0,52.0,10:35,11.11111111,2015
2038,B,2015-10-13,0.0,6.0,7.0,0.05,0.05,12.0,50.0,10:10,10.0,2015
2040,Bay,2015-10-13,0.0,4.9,7.0,0.4,0.6,12.0,50.0,9:30,10.0,2015
2044,Bay,2015-11-03,0.0,6.6,7.0,0.4,0.6,28.0,65.0,9:45,18.33333333,2015
2043,D,2015-11-03,0.0,6.6,6.5,1.2,1.3,18.0,65.0,10:15,18.33333333,2015
2047,B,2015-11-17,0.0,8.0,7.0,0.1,0.1,14.0,55.0,10:35,12.77777778,2015
2046,A,2015-11-17,0.0,6.5,6.5,0.5,0.5,15.0,56.0,11:00,13.33333333,2015
2045,Bay,2015-11-17,0.0,5.5,7.5,0.25,0.8,13.0,55.0,9:35,12.77777778,2015
2054,D,2015-12-15,0.0,6.6,6.0,0.7,1.8,16.0,63.0,10:00,17.22222222,2015
2055,Bay,2015-12-15,0.0,7.9,7.0,0.5,0.8,17.0,63.0,9:20,17.22222222,2015
2060,Bay,2015-12-30,0.0,8.7,7.0,0.7,0.9,18.0,59.0,11:20,15.0,2015
2059,D,2015-12-30,0.0,6.2,6.0,0.7,1.4,19.0,59.0,12:00,15.0,2015
2064,B,2016-01-13,0.0,6.6,6.5,0.3,0.3,5.0,40.0,11:00,4.444444444,2016
2062,Bay,2016-01-13,0.0,9.1,7.0,0.5,0.9,5.0,39.0,9:45,3.888888889,2016
2061,A,2016-01-13,0.0,6.5,6.5,0.5,0.8,7.0,39.0,10:15,3.888888889,2016
2067,D,2016-02-11,0.0,10.0,5.5,0.6,1.3,3.0,27.0,10:00,-2.777777778,2016
2068,Bay,2016-02-11,0.0,9.5,7.0,0.1,0.2,5.0,27.0,9:15,-2.777777778,2016
2069,Bay,2016-02-23,0.0,9.0,7.0,0.4,0.6,11.0,48.0,9:30,8.888888889,2016
2071,A,2016-02-23,0.0,7.5,6.5,0.5,1.0,11.0,48.0,10:45,8.888888889,2016
2073,Bay,2016-03-08,0.0,9.5,7.0,0.3,0.7,11.0,60.0,9:35,15.55555556,2016
2074,D,2016-03-08,0.0,9.5,6.5,0.9,1.8,12.0,60.0,10:10,15.55555556,2016
2077,A,2016-03-22,0.0,7.1,6.5,0.6,0.6,11.0,48.0,10:30,8.888888889,2016
2078,B,2016-03-22,0.0,6.5,7.0,0.3,0.3,11.0,50.0,11:00,10.0,2016
2080,Bay,2016-03-22,0.0,7.1,7.0,0.4,0.4,10.0,48.0,9:30,8.888888889,2016
2083,D,2016-04-14,0.0,6.0,6.5,0.9,1.3,14.0,48.0,10:20,8.888888889,2016
2084,Bay,2016-04-14,0.0,7.9,7.0,0.3,0.3,13.0,48.0,9:30,8.888888889,2016
2085,Bay,2016-05-03,0.0,4.5,7.0,0.4,0.9,21.0,65.0,9:40,18.33333333,2016
2092,Bay,2016-08-31,0.0,4.3,8.5,0.3,0.5,27.0,81.0,9:15,27.22222222,2016
2090,B,2016-08-31,0.0,4.2,8.5,0.01,0.01,28.0,81.0,10:20,27.22222222,2016
2089,A,2016-08-31,0.0,3.9,7.5,0.4,0.4,28.0,82.0,10:40,27.77777778,2016
2096,Bay,2016-09-22,0.0,3.2,7.0,0.9,1.0,23.0,75.0,9:45,23.88888889,2016
2098,B,2016-10-05,0.0,2.9,6.5,0.3,0.3,25.0,70.0,10:30,21.11111111,2016
2097,A,2016-10-05,0.0,3.8,6.5,0.5,0.5,22.0,70.0,19:50,21.11111111,2016
2103,D,2016-10-18,0.0,6.0,6.5,0.5,1.4,25.0,66.0,10:15,18.88888889,2016
2107,Bay,2016-11-02,0.0,6.3,6.7,0.7,0.7,17.0,60.0,9:30,15.55555556,2016
2106,A,2016-11-02,0.0,4.4,6.5,0.2,0.4,16.0,60.0,10:15,15.55555556,2016
2105,B,2016-11-02,0.0,3.8,6.5,0.2,0.2,16.0,60.0,10:45,15.55555556,2016
2111,Bay,2016-11-16,0.0,9.0,7.0,0.7,0.8,13.0,55.0,9:45,12.77777778,2016
2110,D,2016-11-16,0.0,8.8,6.5,1.0,1.3,14.0,55.0,10:20,12.77777778,2016
2115,D,2016-12-07,0.0,10.0,6.5,0.9,1.1,11.0,48.0,10:15,8.888888889,2016
2114,Bay,2016-12-07,0.0,7.6,7.0,0.4,0.5,11.0,48.0,9:15,8.888888889,2016
2119,D,2016-12-20,0.0,10.0,6.5,1.7,1.7,5.0,38.0,10:15,3.333333333,2016
2117,Bay,2016-12-20,0.0,6.7,7.0,3.0,3.5,5.0,38.0,9:40,3.333333333,2016
2123,B,2017-01-24,0.0,7.6,6.5,0.3,0.5,8.0,45.0,10:15,7.222222222,2017
2122,Bay,2017-01-24,0.0,3.2,7.0,0.3,0.6,9.0,45.0,9:45,7.222222222,2017
2126,Bay,2017-02-07,0.0,8.2,7.0,0.3,0.6,9.0,58.0,9:30,14.44444444,2017
2125,D,2017-02-07,0.0,10.0,6.5,0.9,1.3,10.0,58.0,10:25,14.44444444,2017
2131,B,2017-02-21,0.0,5.2,7.0,0.5,0.5,12.0,48.0,10:10,8.888888889,2017
2130,Bay,2017-02-21,0.0,5.2,7.0,0.3,0.5,13.0,48.0,9:25,8.888888889,2017
2129,A,2017-02-21,0.0,5.7,6.5,0.5,0.9,13.0,50.0,10:25,10.0,2017
2132,Bay,2017-03-08,0.0,7.1,7.0,0.3,0.5,13.0,47.0,9:30,8.333333333,2017
2135,D,2017-03-08,0.0,10.0,6.5,1.6,1.6,12.0,47.0,10:15,8.333333333,2017
2139,Bay,2017-03-21,0.0,3.2,7.0,0.3,0.3,10.0,50.0,9:30,10.0,2017
2138,B,2017-03-21,0.0,5.0,7.0,0.3,0.3,10.0,51.0,10:15,10.55555556,2017
2172,D,2017-04-04,0.0,6.2,6.5,1.0,1.1,19.0,70.0,10:20,21.11111111,2017
2173,Bay,2017-04-04,0.0,4.2,6.25,0.2,0.9,19.0,69.0,9:30,20.55555556,2017
2163,Bay,2017-04-18,0.0,6.0,6.0,0.4,0.7,20.0,61.0,9:35,16.11111111,2017
2156,D,2017-04-18,0.0,7.3,6.0,1.0,1.1,17.0,61.0,10:10,16.11111111,2017
2164,Bay,2017-05-11,0.0,5.0,6.0,0.4,0.4,18.0,62.0,9:30,16.66666667,2017
2157,D,2017-05-11,0.0,6.5,6.5,0.8,1.7,19.0,62.0,10:05,16.66666667,2017
2144,A,2017-05-25,0.0,4.2,6.5,0.6,0.8,22.0,72.0,10:25,22.22222222,2017
2165,Bay,2017-05-25,0.0,6.9,7.0,0.5,0.9,20.0,72.0,9:30,22.22222222,2017
2166,Bay,2017-06-07,0.0,3.5,6.0,0.6,0.9,21.0,64.0,9:30,17.77777778,2017
2159,D,2017-06-07,0.0,4.6,6.5,0.7,1.6,22.0,64.0,10:20,17.77777778,2017
2153,B,2017-06-19,0.0,3.9,7.0,0.5,0.5,26.0,72.0,10:30,22.22222222,2017
2167,Bay,2017-06-19,0.0,4.3,6.5,0.5,1.0,25.0,72.0,9:30,22.22222222,2017
2161,D,2017-07-11,0.0,5.3,6.5,0.7,1.1,29.0,75.0,10:05,23.88888889,2017
2168,Bay,2017-07-11,0.0,4.7,7.0,0.4,0.9,27.0,75.0,9:35,23.88888889,2017
2148,A,2017-07-25,0.0,3.6,7.0,0.8,0.9,27.0,82.0,11:30,27.77777778,2017
2155,B,2017-07-25,0.0,4.2,7.0,0.2,0.2,28.0,81.0,10:55,27.22222222,2017
2169,Bay,2017-07-25,0.0,6.2,7.0,0.4,0.9,26.0,81.0,10:25,27.22222222,2017
2177,Bay,2017-08-08,0.0,6.2,7.0,0.4,0.9,25.0,70.0,10:00,21.11111111,2017
2181,Bay,2017-09-12,0.0,6.0,7.0,0.3,0.3,20.0,72.0,9:30,22.22222222,2017
2180,D,2017-09-12,0.0,5.8,6.5,1.0,1.7,20.0,72.0,10:15,22.22222222,2017
2182,B,2017-09-29,0.0,3.0,7.0,0.1,0.1,24.5,78.0,10:15,25.55555556,2017
2188,Bay,2017-10-12,0.0,5.2,7.0,1.5,1.9,25.0,74.0,9:45,23.33333333,2017
2187,D,2017-10-12,0.0,5.8,6.5,1.8,2.1,26.0,74.0,10:25,23.33333333,2017
2190,A,2017-10-26,0.0,6.8,6.5,0.2,0.4,27.0,54.0,10:45,12.22222222,2017
2189,Bay,2017-10-26,0.0,7.1,7.0,0.35,0.8,26.0,54.0,9:40,12.22222222,2017
2191,B,2017-10-26,0.0,4.1,6.5,0.2,0.2,26.0,54.0,10:15,12.22222222,2017
2203,Bay,2017-11-29,0.0,10.0,7.0,0.6,0.8,9.0,48.0,9:45,8.888888889,2017
2199,B,2017-11-29,0.0,5.2,6.5,0.2,0.2,6.0,48.0,10:40,8.888888889,2017
2202,D,2017-12-12,0.0,9.9,6.5,1.3,1.3,7.0,48.0,11:40,8.888888889,2017
2204,Bay,2017-12-12,0.0,10.0,7.0,0.6,0.8,9.0,48.0,10:00,8.888888889,2017
2237,D,2018-01-16,0.0,10.0,6.5,1.6,1.6,4.0,37.0,9:50,2.777777778,2018
2252,Bay,2018-01-31,0.0,8.0,7.0,0.1,0.2,4.0,30.0,9:30,-1.111111111,2018
2220,B,2018-01-31,0.0,7.7,6.5,0.4,0.5,3.0,30.0,10:20,-1.111111111,2018
2253,Bay,2018-02-14,0.0,6.0,6.0,0.5,0.5,5.0,45.0,938,7.222222222,2018
2238,D,2018-02-14,0.0,9.5,6.5,1.3,1.4,6.0,45.0,10:10,7.222222222,2018
2255,Bay,2018-03-07,0.0,9.2,7.0,0.1,0.1,9.0,47.0,9:45,8.333333333,2018
2239,D,2018-03-07,0.0,10.0,6.5,1.0,1.5,8.0,47.0,10:15,8.333333333,2018
2256,Bay,2018-03-22,0.0,8.8,6.0,0.2,0.5,6.0,40.0,9:40,4.444444444,2018
2224,B,2018-03-22,0.0,9.8,6.5,0.2,0.2,5.0,40.0,10:22,4.444444444,2018
2208,A,2018-03-22,0.0,8.0,6.5,0.7,0.9,7.0,40.0,11:03,4.444444444,2018
2257,Bay,2018-04-04,0.66,7.9,6.5,0.1,0.9,17.0,70.0,9:35,21.11111111,2018
2226,B,2018-04-17,1.0,8.0,6.5,0.4,0.4,10.0,48.0,10:25,8.888888889,2018
2258,Bay,2018-04-17,1.2,7.8,6.5,0.2,1.0,14.0,48.0,9:35,8.888888889,2018
2259,Bay,2018-05-10,0.18,6.0,6.5,0.2,0.4,20.0,62.0,9:40,16.66666667,2018
2243,D,2018-05-10,0.0,6.3,6.5,0.8,1.2,21.4,63.0,10:15,17.22222222,2018
2211,A,2018-05-25,0.1,4.0,6.5,5.5,7.0,26.0,84.0,10:45,28.88888889,2018
2228,B,2018-05-25,0.6,4.9,7.0,0.4,0.4,26.1,74.0,10:10,23.33333333,2018
2260,Bay,2018-05-25,2.3,6.9,6.5,0.4,0.9,25.0,73.0,9:45,22.77777778,2018
2261,Bay,2018-06-14,0.1,5.6,7.0,0.5,0.9,24.0,82.0,9:35,27.77777778,2018
2245,D,2018-06-14,0.0,5.0,6.5,0.8,1.3,27.0,82.0,10:05,27.77777778,2018
2213,A,2018-06-27,0.1,4.7,4.8,0.5,0.5,27.0,76.0,11:05,24.44444444,2018
2263,Bay,2018-07-18,2.6,6.2,7.0,0.6,0.9,26.0,80.0,9:40,26.66666667,2018
2248,D,2018-08-01,0.0,4.0,6.5,0.5,1.6,28.0,82.0,10:10,27.77777778,2018
2264,Bay,2018-08-01,1.9,3.8,7.0,0.5,1.2,26.0,82.0,9:30,27.77777778,2018
2265,Bay,2018-08-14,2.1,6.0,7.0,0.5,0.9,26.0,76.0,9:30,24.44444444,2018
2233,B,2018-08-14,0.0,7.3,6.5,0.2,0.2,27.0,77.0,10:20,25.0,2018
2266,Bay,2018-09-04,1.9,6.2,7.5,0.4,0.7,28.0,82.0,9:40,27.77777778,2018
2250,D,2018-09-04,0.0,3.2,6.5,0.8,1.3,30.0,83.0,10:25,28.33333333,2018
2235,B,2018-09-20,0.0,5.0,6.5,0.2,0.2,28.0,80.0,10:25,26.66666667,2018
2218,A,2018-09-20,0.09,4.4,6.5,0.3,0.5,28.0,80.0,10:55,26.66666667,2018
2267,Bay,2018-09-20,1.6,4.2,7.0,0.4,1.0,25.0,78.0,9:30,25.55555556,2018
2251,D,2018-09-20,0.0,5.0,6.5,0.4,1.4,25.0,80.0,10:05,26.66666667,2018
2361,Bay,2018-10-11,1.9,5.0,7.0,4.0,1.2,25.0,78.0,9:30,25.55555556,2018
2356,D,2018-10-11,0.0,6.0,6.5,0.7,1.2,26.0,78.0,10:10,25.55555556,2018
2347,A,2018-10-24,0.0,6.6,6.5,0.2,0.7,15.0,58.0,10:55,14.44444444,2018
2362,Bay,2018-10-24,0.0,9.0,7.0,0.3,0.6,18.0,58.0,9:30,14.44444444,2018
2352,B,2018-10-24,0.1,6.7,6.5,0.2,0.2,15.0,58.0,10:25,14.44444444,2018
2353,B,2018-10-28,0.1,5.0,7.0,0.4,0.5,13.0,49.0,10:30,9.444444444,2018
2363,Bay,2018-10-28,0.9,2.9,7.0,0.4,0.9,13.0,49.0,9:20,9.444444444,2018
2359,D,2018-11-07,0.0,6.9,6.5,0.9,1.3,20.0,65.0,10:22,18.33333333,2018
2327,Bay,2019-02-06,0.0,6.0,7.0,0.4,0.6,15.0,56.0,9:40,13.33333333,2019
2322,D,2019-02-06,0.0,10.0,6.5,1.0,1.5,13.0,46.0,10:20,7.777777778,2019
2318,B,2019-02-28,0.0,8.7,6.5,0.4,0.4,10.0,46.0,10:20,7.777777778,2019
2328,Bay,2019-02-28,0.7,10.0,6.5,0.4,0.6,12.0,46.0,9:30,7.777777778,2019
2313,A,2019-02-28,0.0,10.0,7.0,0.4,1.3,10.0,46.0,10:45,7.777777778,2019
2329,Bay,2019-03-14,0.6,8.7,6.5,0.4,0.8,15.0,59.0,10:15,15.0,2019
2324,D,2019-03-14,0.0,8.3,6.5,1.0,1.4,16.0,59.0,10:45,15.0,2019
2315,A,2019-03-26,0.0,7.0,6.5,0.0,0.4,11.0,44.0,10:45,6.666666667,2019
2320,B,2019-03-26,0.0,9.5,7.0,0.3,0.3,12.0,44.0,10:20,6.666666667,2019
2326,D,2019-04-10,0.0,6.7,6.5,0.9,1.4,20.0,57.0,10:15,13.88888889,2019
2331,Bay,2019-04-10,0.0,7.4,6.5,0.2,0.7,19.0,57.0,9:45,13.88888889,2019
2301,Bay,2019-04-24,0.7,4.0,6.5,0.3,1.0,22.0,68.0,9:45,20.0,2019
2330,Bay,2019-04-26,0.6,10.0,6.5,0.1,0.4,12.0,44.0,9:40,6.666666667,2019
2302,Bay,2019-05-08,0.8,5.3,7.0,0.4,0.7,22.0,69.0,9:45,20.55555556,2019
2291,D,2019-05-08,0.24,4.8,6.5,0.7,0.13,24.0,70.0,10:18,21.11111111,2019
2270,A,2019-05-23,0.0,4.9,7.0,0.4,0.6,25.0,69.0,10:45,20.55555556,2019
2281,B,2019-05-23,0.0,4.1,7.0,0.3,0.3,27.0,69.0,11:10,20.55555556,2019
2303,Bay,2019-05-23,0.8,6.9,7.0,0.4,0.9,22.0,69.0,9:30,20.55555556,2019
2304,Bay,2019-06-05,9.0,4.2,8.0,0.4,0.9,24.0,72.0,9:30,22.22222222,2019
2293,D,2019-06-05,0.0,4.1,7.0,0.6,1.1,15.0,72.0,10:10,22.22222222,2019
2305,Bay,2019-07-03,0.0,6.5,7.5,0.4,0.9,26.0,85.0,9:35,29.44444444,2019
2294,D,2019-07-03,0.0,5.9,7.0,0.4,1.1,28.0,86.0,10:30,30.0,2019
2295,D,2019-08-06,0.0,3.6,6.5,0.7,1.2,25.0,79.0,10:10,26.11111111,2019
2306,Bay,2019-08-06,0.01,4.4,7.5,0.4,0.8,25.0,79.0,9:30,26.11111111,2019
2307,Bay,2019-08-20,0.0,4.0,7.0,0.4,1.0,26.0,82.0,9:45,27.77777778,2019
2274,A,2019-08-20,0.0,3.6,7.0,0.5,0.5,28.0,84.0,10:40,28.88888889,2019
2308,Bay,2019-09-03,0.0,4.5,9.0,0.4,0.9,27.0,79.0,9:30,26.11111111,2019
2297,D,2019-09-03,0.0,5.5,7.0,0.5,1.2,28.0,80.0,10:15,26.66666667,2019
2287,B,2019-09-18,0.0,4.7,6.5,0.2,0.2,23.0,71.0,11:00,21.66666667,2019
2309,Bay,2019-09-18,0.5,4.1,7.5,0.4,0.4,22.8,71.0,9:30,21.66666667,2019
2276,A,2019-09-18,0.0,4.6,7.0,0.6,0.6,23.0,71.0,10:45,21.66666667,2019
2278,A,2019-10-23,0.0,5.9,7.0,0.5,1.0,20.0,63.0,10:25,17.22222222,2019
2311,Bay,2019-10-23,0.5,6.2,7.0,0.5,0.9,19.0,63.0,9:30,17.22222222,2019
2289,B,2019-10-23,0.0,4.6,6.5,0.2,0.2,20.0,63.0,10:55,17.22222222,2019
